i,Enlace,Titulo,Cuerpo,Fecha
0,https://es.cointelegraph.com/news/panama-hosted-update-discussions-and-use-cases-on-bitcoin-blockchain-and-cryptocurrencies,"Panamá fue sede de actualización, discusiones y casos de uso sobre Bitcoin, Blockchain y criptomonedas","Panamá fue sede de actualización, discusiones y casos de uso sobre Bitcoin, Blockchain y criptomonedas
Blockchain Summit Latam: Se generaron más de 250 reuniones de negocios entre empresas y participantes
194 Vistas totales
39 Número total de compartidos
Noticias
Panamá tuvo relevancia internacional, siendo la sede durante tres días del Blockchain Summit LatAm 2022, uno de los eventos latinoamericanos con participación de expertos y adeptos del mercado cripto, bitcoin y casos de uso de blockchain.
Participaron del evento más de 1,200 personas de 15 distintas nacionalidades, 130 expositores y 40 empresas e instituciones, logrando -según los organizadores- una inyección económica superior a los 600,000 dólares y generando más de 250 reuniones de negocios entre empresas y participantes.
En conversación con Cointelegraph en Español, Cristóbal Pereira, organizador del evento, señaló: “Quedó demostrado el potencial de Panamá como un mercado atractivo para inversionistas y adeptos de las criptomonedas, ya sea por su robusto centro financiero y su gran conexión logística y por ser un país que los últimos meses ha demostrado mucho interés por la adopción de nuevas tecnologías y la intención de una regulación.
Luego agregó: “Consideramos que en un futuro cercano el país puede ser un centro tecnológico donde las compañías asociadas a blockchain y criptoactivos podrían exportar sus servicios internacionalmente”.
El evento contó con conferencias y paneles de discusión sobre bitcoin y criptomonedas y la necesidad de que los usuarios tomen decisiones bien informados, luego de investigar y educarse sobre el tema para lograr una acertada inversión y evitar estafas.
También se dieron a conocer casos de usos del sistema blockchain y cómo este ha ayudado al crecimiento industrial en la región, como el caso cadena de distribución en la industria cafetera en Colombia o el seguimiento a las entregas de materia prima en la industria vinícola en Argentina, y cómo las criptomonedas ofrecen nuevas oportunidades a las personas.
Como una de las principales conclusiones del evento se puede destacar la necesidad de una legislación que establezca reglas claras para el ecosistema de las criptomonedas, según lo indicaron Mónica Taher, directora de asuntos tecnológicos y económicos del Gobierno de El Salvador; y la senadora mexicana Indira Kempis, entre otros.
Por otra parte, Rodrigo Icaza, director ejecutivo de la Cámara de Comercio Digital y blockchain de Panamá, expresó: “Para Panamá queda un enorme reto, los miembros del ecosistema local deben ser entes activos en educación y capacitación con la finalidad desarrollar  competencias profesionales para generar mano de obra calificada, proyectos de innovación e inversión, así como la exportación de servicios con base en estas tecnologías, causando un impacto positivo en nuestro PIB y en nuestra balanza comercial”.
Durante el evento también quedó evidenciado que ya no hay barreras geográficas, ni límites para el arte digital. Se presentó la Expo NTF, una exhibición que reunió una muestra de treinta artistas digitales de once países que presentaron sus obras a los asistentes.
Te puede interesar:
",12.07.2022
1,https://es.cointelegraph.com/news/global-gpu-price-drops-to-compensate-for-falling-bitcoin-mining-revenue,La baja en el precio global de las GPU compensa la caída de los ingresos por la minería de Bitcoin,"Arijit Sarkar
09 Jul 2022
La baja en el precio global de las GPU compensa la caída de los ingresos por la minería de Bitcoin
La caída meteórica de los precios de las GPU abrió una ventana de oportunidad para que los pequeños mineros se hicieran con un equipo de minería más potente y eficiente
388 Vistas totales
1 Número total de compartidos
Noticias
Como resultado directo de la caída de los precios de Bitcoin ( BTC ), los ingresos totales obtenidos por los mineros en las comisiones de transacción y las recompensas de minería cayeron a sus mínimos de un año en casi 15 millones de dólares el 4 de julio. Sin embargo, una caída simultánea en los precios de las tarjetas gráficas o GPU está preparada para ayudar a los mineros a compensar sus costes operativos en medio de un mercado bajista.
La carrera por los semiconductores: ¿Los mineros de criptomonedas se llevan la parte del león?
Los ingresos por la minería de Bitcoin cayeron un 79.6% en un periodo de 9 meses, desde que alcanzaron un máximo histórico de 74.4 millones de dólares el 25 de octubre de 2021. Además, la escasez mundial de chips y la pandemia por coronavirus dispararon los precios de la parte más importante de un equipo de minería, la unidad de procesamiento gráfico (GPU), lo que afectó aún más a los resultados de los mineros.
Ingresos por la minería de Bitcoin en el último año. Fuente: Blockchain.com
Con la reanudación de las operaciones de los fabricantes de tarjetas en todo el mundo, los precios de las GPU han experimentado un descenso masivo y algunas tarjetas se venden por debajo del precio de venta al público. Solo en mayo, los precios de las GPU cayeron más de un 15% en promedio, ya que la oferta superó la demanda del mercado. Además, la reciente afluencia de GPU ha obligado a los vendedores de los mercados secundarios a bajar los exorbitantes precios de los equipos de minería usados.
Minería, contratos inteligentes y finanzas descentralizadas
Evolución del precio de las GPU en el último año. Fuente: TechSpot
Cointelegraph informó anteriormente que varios mineros públicos de Bitcoin están bien posicionados para sobrevivir al prolongado mercado bajista, ya que los bajos ingresos siguen sosteniendo los costes operativos de las instalaciones mineras. Como se muestra a continuación, Argo, CleanSpark, Stronghold, Marathon y Roit son algunos de los mineros con una relación estable entre ingresos mineros y costes operativos, una buena indicación de buena salud.
Intel presenta el chip Bonanza Mine de segunda generación para la minería eficiente de Bitcoin
Flujo de caja operativo mensual frente a los ingresos por minería. Fuente: Arcane Crypto
Además, la caída meteórica de los precios de las GPU ha abierto una pequeña ventana de oportunidad para que los pequeños mineros se hagan con un equipo de minería más potente y eficiente. Junto con la reducción de los requisitos de la tasa de hash de 203.6 exa hashes por segundo, los mineros ahora requieren una menor potencia de cálculo para minar con éxito un bloque en la blockchain de Bitcoin.
Relacionado: Marathon Digital sigue minando a pesar de la caída del precio de BTC
A pesar de la evidente caída de los ingresos de la minería, Marathon Digital Holdings reveló seguir realizando stacking de BTC a través de la minería mientras está ""bastante bien aislado y bien posicionado"".
En declaraciones a Cointelegraph, Charlie Schumacher, vicepresidente de comunicaciones corporativas de Marathon Digital, compartió sus ideas sobre sus operaciones generales:
""Como referencia, en el primer trimestre de 2022, nuestro coste para producir un Bitcoin fue de aproximadamente 6,200 dólares. También tenemos precios fijos para la energía, por lo que no estamos sujetos a los cambios en los mercados energéticos"".
Aclaración: La información y/u opiniones emitidas en este artículo no representan necesariamente los puntos de vista o la línea editorial de Cointelegraph. La información aquí expuesta no debe ser tomada como consejo financiero o recomendación de inversión. Toda inversión y movimiento comercial implican riesgos y es responsabilidad de cada persona hacer su debida investigación antes de tomar una decisión de inversión.
Sigue leyendo:
",10.07.2022
2,https://es.cointelegraph.com/news/bitcoin-mining-stocks-rebound-sharply-despite-a-70-drop-in-btc-miners-revenue,Las acciones mineras de Bitcoin se recuperan con fuerza a pesar de una caída del 70% en los ingresos de los mineros,"Yashu Gola
06 Jul 2022
Las acciones mineras de Bitcoin se recuperan con fuerza a pesar de una caída del 70% en los ingresos de los mineros
El repunte de las principales acciones mineras de Bitcoin podría atrapar a los alcistas, ya que el sentimiento del precio de BTC sigue siendo sombrío.
187 Vistas totales
1 Número total de compartidos
Análisis de Mercado
Las empresas mineras de Bitcoin ( BTC ) han sufrido en 2022 debido al mercado bajista de las criptomonedas. No obstante, sus acciones experimentaron colectivamente un fuerte rebote el 6 de julio, lo que hace esperar que los inversores hayan empezado a comprar las caídas.
Uno de los ganadores intradía fue Bitfarms (TSE: BITF), que subió más del 24% para cerrar a USD 1.29.
Asimismo, Marathon Digital Asset Holdings (NASDAQ: MARA), Core Scientific (NASDAQ: CORZ) y Cathedra Bitcoin (CVE: CBIT) subieron más o menos un 12.5%, un 16.22% y un 15%, respectivamente.
Gráfico de precios diarios de MARA, CORZ, BITF y CBIT. Fuente: TradingView
Los ingresos de los mineros de Bitcoin cayeron un 70% desde el pico
Los repuntes vienen como un respiro en lo que ha sido un mal año para las acciones mineras. Una caída de casi el 60% en lo que va del año en el precio de BTC y un aumento en la "" dificultad de minería "" han reducido los ingresos diarios de los mineros en más del 70% desde su pico de noviembre de 2021 de USD 62 millones.
Ingresos mineros diarios de Bitcoin versus dificultad. Fuente: CoinMetrics/Arcane Research
El resultado es malo para todas las acciones mineras, incluidas las mencionadas anteriormente. Por ejemplo, el BITF todavía está un 86% por debajo de su pico en el comercio previo a la comercialización el 6 de julio, a pesar de un repunte del 24% en la sesión anterior.
De manera similar, MARA, CORZ y CBIT se han estado cotizando entre un 80% y un 93% por debajo de sus máximos históricos en noviembre de 2021, lo que muestra una caída mucho más profunda que Bitcoin, cuyo precio ha caído un 67% en el mismo período de tiempo.
Acciones mineras vs. par BTC/USD (azul) gráfico diario de precios. Fuente: TradingView
¿""Cobertura bajistas"" hasta trampas alcistas?
Sin embargo, las acciones mineras de Bitcoin corren el riesgo de caer aún más, dado un mercado bajista potencialmente prolongado liderado por riesgos macro.
Por lo tanto, el fuerte repunte observado en las acciones mineras de Bitcoin podría deberse a la ""cobertura corta"" o a los inversores que compran la caída, según Balmy Investor, un analista seudónimo.
#Bitcoin mining stocks bounced strong today, with very little change in #BTC price. Likely some short covering, and some investors moving in to buy oversold levels.
Quick June observations. Working on Q2 report with @hashrateindex . ☘️
Las acciones mineras de #Bitcoin rebotaron con fuerza hoy, con muy pocos cambios en el precio de #BTC. Es probable que alguna cobertura corta y algunos inversores se muevan para comprar niveles de sobreventa.
Observaciones rápidas de junio. Trabajando en el informe Q2 con @hashrateindex.
La cobertura de las posiciones cortas implica volver a comprar el activo subyacente prestado para cerrar una posición corta con beneficios o pérdidas. Esto suele dar lugar a frecuentes movimientos de rebote, especialmente durante un mercado bajista, en el que los alcistas corren el riesgo de quedar atrapados.
Por ejemplo, el gráfico de la acción de MARA que aparece a continuación muestra varios casos de subidas de corta duración durante un ciclo general bajista.
Gráfico diario de precios del par MARA/USD. Fuente: TradingView
Mientras tanto, los rebotes de "" sobreventa "" generalmente se activan cuando el índice de fuerza relativa (RSI) de un activo cae por debajo de 30, lo que muchos analistas técnicos tradicionales consideran una señal de compra.
Las lecturas de RSI de Marathon Digital Asset Holdings, Core Scientific, Cathedra Bitcoin y Bitfarms estaban por debajo de 30 a partir del 6 de julio.
Los puntos de vista y opiniones expresados aquí son únicamente del autor y no reflejan necesariamente los puntos de vista de Cointelegraph.com. Cada movimiento de inversión y comercio implica un riesgo, debes realizar tu propia investigación al tomar una decisión.
Las inversiones en criptoactivos no están reguladas. Es posible que no sean apropiados para inversores minoristas y que se pierda el monto total invertido. Los servicios o productos ofrecidos no están dirigidos ni son accesibles a inversores en España.
",06.07.2022
3,https://es.cointelegraph.com/news/bitcoin-price-drops-3-to-ten-day-lows-as-ethereum-inches-close-to-1k,"El precio de bitcoin cae un 3% a mínimos de diez días mientras Ether se acerca a los USD 1,000","William Suberg
30 Jun 2022
El precio de bitcoin cae un 3% a mínimos de diez días mientras Ether se acerca a los USD 1,000
El criptomercado sufre en medio de eventos regulatorios desafiantes tanto en los Estados Unidos como en Europa.
1643 Vistas totales
19 Número total de compartidos
Actualización de mercado
El precio de bitcoin ( BTC ) perdió un 3% en una hora y el de Ether ( ETH ) se acercó a los USD 1,000 el 30 de junio, ya que el pesimismo tomó el control de los mercados de criptomonedas.
Gráfico de velas de 1 hora del par BTC/USD (Bitstamp). Fuente: TradingView
Los traders observan un ""barrido de mínimos"" para BTC
Los datos de Cointelegraph Markets Pro y TradingView mostraron que el par BTC/USD alcanzó los USD 19,224 en Bitstamp durante las operaciones asiáticas, su mínimo desde el 19 de junio.
La falta de impulso en las subidas, combinada con la imposibilidad de recuperar el soporte crítico de la media móvil de 200 semanas, preparó el terreno para una nueva debilidad de bitcoin. La mayor criptomoneda se sumergió así en la zona de soporte definida un día antes por el colaborador de Cointelegraph Michaël van de Poppe.
Mientras tanto, los traders jugaron con la idea de un rebote de alivio hacia los USD 20,000.
I expect more range trading within this prices as breakouts and breakdowns take longer to happen and prices are getting pretty extended from their averages. #BTC using this hourly 50MA for short term retraces of this downtrend, so I'd expect a reversion pretty soon to that mean. pic.twitter.com/ImYg5udA5I
— pedma (@pedma7) June 30, 2022
Espero más operaciones de rango dentro de estos precios, ya que las alzas y caídas tardan más en ocurrir y los precios se están extendiendo bastante de sus promedios. BTC está usando esta 50MA horaria para los retrocesos a corto plazo de esta tendencia a la baja, por lo que esperaría muy pronto una reversión a esa media.
""Estamos buscando un barrido de los mínimos y un retroceso antes de considerar la posibilidad de ponernos en largo porque esta es una tendencia bajista muy fuerte y primero queremos ver algo de fuerza"", dijo la plataforma de trading Cryptop a sus seguidores de Twitter en parte de una nueva actualización.
¿Cómo afrontar un mercado bajista?
La noticia de que la Comisión del Mercado de Valores de Estados Unidos (SEC) había rechazado una solicitud de Grayscale para convertir su instrumento de inversión en Bitcoin, el Grayscale Bitcoin Investment Trust (GBTC), en un fondo cotizado en exchange ( ETF ) no ayudó al sentimiento.
La presión reguladora también vino de la Unión Europea, que votó a favor de aumentar las restricciones a los movimientos de criptomonedas en el bloque.
""El acuerdo amplía la llamada 'regla de viaje', ya existente en las finanzas tradicionales, para cubrir las transferencias en criptoactivos. Esta regla requiere que la información sobre el origen del activo y su beneficiario viaje con la transacción y se almacene en ambos lados de la transferencia"", explica un comunicado de prensa sobre la medida.
“Los proveedores de servicios de criptoactivos (CASP) estarán obligados a proporcionar esta información a las autoridades competentes si se lleva a cabo una investigación sobre el lavado de dinero y la financiación del terrorismo.”
El indicador de sentimiento del Índice de Miedo y Avaricia de las Criptomonedas se situaba en 11/100, es decir, ""miedo extremo"", en el momento de escribir este artículo.
Índice de Miedo y Avaricia de las Criptomonedas (captura de pantalla). Fuente: Alternative.me
UNUS SED LEO sube mientras los largos de Bitfinex se enfrían
Como era de esperar, las altcoins continuaron con el estado de ánimo deprimido del día, y el par ETH/USD se dirigió al soporte de USD 1,000 por primera vez en diez días.
Último minuto: Grayscale toma medidas legales tras el rechazo de su ETF al contado de Bitcoin
Gráfico de velas de 1 día del par ETH/USD (Bitstamp). Fuente: TradingView
Solo el token UNUS SED LEO ( LEO ) del gran exchange Bitfinex siguió resistiendo a la tendencia de forma llamativa, ganando un 3.5% en el día y ampliando la rentabilidad mensual por encima del 20%.
La plataforma había sido noticia anteriormente por el crecimiento exponencial de sus posiciones largas en BTC/USD, que se estabilizaron en la segunda mitad de junio.
Gráfico de velas de 1 día de las posiciones largas en BTC/USD (Bitfinex). Fuente: TradingView
Los puntos de vista y las opiniones expresadas aquí son únicamente las del autor y no reflejan necesariamente las opiniones de Cointelegraph.com. Cada inversión y movimiento de comercio implica un riesgo, por lo que usted debe llevar a cabo su propia investigación al tomar una decisión.
Sigue leyendo:
",30.06.2022
4,https://es.cointelegraph.com/news/bitcoin-miner-mawson-to-defer-all-major-capital-expenditures-until-market-conditions-normalize,"La empresa de minería de bitcoin, Mawson, aplazará todos los gastos de capital importantes hasta que se normalicen las condiciones del mercado","Zhiyuan Sun
29 Jun 2022
La empresa de minería de bitcoin, Mawson, aplazará todos los gastos de capital importantes hasta que se normalicen las condiciones del mercado
El mercado bajista está afectando a todos los segmentos de la industria de las criptomonedas, incluidos los mineros de Bitcoin, que han visto cómo sus ingresos han disminuido considerablemente este año.
709 Vistas totales
141 Número total de compartidos
Noticias
El martes, la empresa minera de Bitcoin ( BTC ) Mawson Infrastructure Group dijo que suspendía los principales gastos de capital hasta que se normalizaran las condiciones del mercado. Además, la empresa está reduciendo voluntariamente su uso de energía, también llamado respuesta a la demanda, a la luz de la venta del mercado y los altos precios de la electricidad debido a la inflación.
Empresa de minería de criptomonedas con sede en Suiza amplía sus operaciones a Texas
Mawson recibió su último lote de mineros de Bitcoin ASIC Canann A1246 en junio y no tiene más pagos pendientes por equipos de minería de Bitcoin. En relación con la decisión de la empresa, CEO y fundador, James Manning, dijo:
""A pesar de la volatilidad del mercado, Mawson continúa actualmente con la auto-minería y también participa en programas de respuesta a la demanda de energía cuando es aplicable. Además, tenemos la suerte de no tener contratos pendientes de compra de mineros ASIC de Bitcoin, lo que nos permite centrarnos en el desarrollo de nuestro negocio de co-ubicación como una fuente de ingresos alternativa mientras el precio de Bitcoin está bajo"".
En su última actualización mensual, Mawson reveló que poseía más de 40,000 máquinas de minería de Bitcoin de circuito integrado de aplicación específica (ASIC). Combinados, los equipos tienen una tasa de hash estimada de 3.35 exahash por segundo, lo que representa aproximadamente el 1.675% de la tasa de hash total de la red Bitcoin. El año pasado, la empresa generó USD 19.4 millones en ingresos totales y gastó USD 6.03 millones en la compra de propiedades y más equipos.
Celsius niega las acusaciones de que su CEO esté intentando huir de Estados Unidos
El actual mercado bajista de las criptomonedas ha golpeado duramente a los mineros de Bitcoin, con noticias de que vendieron toda su cosecha de mayo . Los ingresos de la minería en el sector han caído desde entonces a mínimos de mayo de 2021. Mientras tanto, los costes de la energía se han disparado, en parte debido a las consecuencias de la invasión rusa de Ucrania. Debido a esta combinación de factores de riesgo, la tasa total de hash de la red Bitcoin se ha desplomado casi un 25% sólo en las últimas dos semanas.
Aclaración: La información y/u opiniones emitidas en este artículo no representan necesariamente los puntos de vista o la línea editorial de Cointelegraph. La información aquí expuesta no debe ser tomada como consejo financiero o recomendación de inversión. Toda inversión y movimiento comercial implican riesgos y es responsabilidad de cada persona hacer su debida investigación antes de tomar una decisión de inversión.
Sigue leyendo:
",29.06.2022
5,https://es.cointelegraph.com/news/crypto-is-just-like-the-end-of-the-90s-with-the-internet-bubble-says-hodl-ceo-maurice-mureau,"'Las criptomonedas son como el final de los 90 con la burbuja de Internet', dice el CEO de Hodl, Maurice Mureau","Zhiyuan Sun
27 Jun 2022
'Las criptomonedas son como el final de los 90 con la burbuja de Internet', dice el CEO de Hodl, Maurice Mureau
Mureau sigue siendo optimista en cuanto a las perspectivas de las criptomonedas, a pesar del grave mercado bajista de los últimos meses.
2144 Vistas totales
2 Número total de compartidos
Noticias
Para Maurice Mureau, CEO del operador de fondos de inversión en criptomonedas Hodl, ""ya no quedan muchas cosas"" en las que invertir. Con el aumento de la inflación, los bonos no sirven, el sector inmobiliario es cada vez más difícil, pero hay una clase de activos que (como era de esperar) está llamando la atención del gestor de fondos: las criptomonedas. Durante la Convención Europea de Blockchain celebrada esta semana en Barcelona, el editor de Cointelegraph Aaron Wood se sentó con Mureau, quien dio su opinión sobre las perspectivas del panorama de la inversión en activos digitales.
El 99% de las cartas con comentarios a la SEC apoyan el ETF de Bitcoin al contado, según Grayscale
""Es como el final de los años 90 con la burbuja de Internet, así que todavía es pronto en el espacio"", dijo Mureau. ""Un caso de uso muy sólido para las criptomonedas se está haciendo evidente en la industria del juego, donde la gente invierte tiempo que se puede ganar con ello, y todo eso está organizado por la cadena de bloques"". Reiteró que sólo habrá 21 millones de Bitcoin en existencia sin que se impriman más. Por lo tanto, aludiendo a la hiperinflación en Turquía y Argentina, Mureau dijo que los bancos centrales no pueden imprimir más de la moneda digital. ""Así que eso, para mí, supone una cobertura muy segura. 30% La volatilidad en los precios de los activos puede ser mala, pero no si pierdes el 70% del poder adquisitivo de tu moneda local cada año"".
Cuando se le preguntó por su consejo a los nuevos inversores en criptomonedas, Mureau explicó que para los inversores institucionales, que suelen tener aversión al riesgo a la hora de proteger su capital, un objetivo de exposición ideal sería entre el 1% y el 5%. Sin embargo, sugirió que los inversores minoristas, especialmente los más jóvenes, pueden superar fácilmente ese objetivo, ya que habrá amplios ingresos futuros para complementar la cartera. Actualmente, los activos digitales representan tan sólo el 0.12% de todos los activos financieros en circulación. ""Así que si pasa del 2% al 4%, que es más de 10 veces desde ahora, significa que tienes un modelo un poco maduro. Si multiplicas la cifra original por 12, estás al nivel del oro"".
Educar a los reguladores ayudará a mitigar los riesgos, dice un ejecutivo de Figment
Por supuesto, los inversores institucionales suelen tener acceso a fuentes de información mucho más profundas. Pero cuando se le preguntó qué pueden hacer los inversores minoristas para perfeccionar su investigación, Mureau dijo:
""En primer lugar, el análisis en la cadena es muy importante, porque se puede ver quién posee realmente las monedas. Supongamos que vemos que el 90% de las monedas son propiedad de tres personas vinculadas al proyecto, entonces sabemos que es un poco estafador"".
Y continuó: ""También hay un montón de empresas como la nuestra, que se limitan a escribir informes y ponerlos en la página web"". Otros elementos que Mureau recomienda a los inversores que investiguen son los casos de uso, como la oportunidad de staking, la presencia en las redes sociales y la indagación sobre su comunidad. ""Esto puede ser un reto, pero es similar a los primeros días de Internet. En última instancia, el mercado sacudirá a aquellos que no tienen una tracción significativa y que sólo están utilizando las criptomonedas como un vagón"".
Aclaración: La información y/u opiniones emitidas en este artículo no representan necesariamente los puntos de vista o la línea editorial de Cointelegraph. La información aquí expuesta no debe ser tomada como consejo financiero o recomendación de inversión. Toda inversión y movimiento comercial implican riesgos y es responsabilidad de cada persona hacer su debida investigación antes de tomar una decisión de inversión.
Sigue leyendo:
",28.06.2022
6,https://es.cointelegraph.com/news/buy-bitcoin-or-start-mining-hashworks-ceo-points-to-attractive-investment-yield-in-btc-mining,"¿Comprar Bitcoin o empezar a minar? El CEO de HashWorks señala el ""atractivo rendimiento de la inversión"" en la minería de la criptomoneda","Ray Salmond
23 Jun 2022
¿Comprar Bitcoin o empezar a minar? El CEO de HashWorks señala el ""atractivo rendimiento de la inversión"" en la minería de la criptomoneda
Los mercados bajistas son para crecer, que es exactamente la razón por la que el CEO de HashWorks, Todd Esse, dice que el precio actual de BTC presenta una oportunidad para los inversores minoristas y las empresas mineras industriales.
2312 Vistas totales
24 Número total de compartidos
Noticias del mercado
Recientemente, las malas noticias han abundado, y el miedo resultante es real. DeFi parece muerto, las altcoins completaron su ciclo de vida volviendo a 0 (supongo que es un chiste), y el precio de Bitcoin ( BTC ) cayó más de lo que esperaban incluso los traders más brillantes del espacio.
Un tema unificador del mercado alcista más reciente parece haber sido la codicia. Todo el mundo se mostró demasiado confiado y codicioso, y eso se refleja en la cantidad de deuda y apalancamiento que se está deshaciendo mientras 3AC, Celsius, BlockFi y Voyager se enfrentan a la amenaza real de quebrar.
Parece que los mineros y las empresas de minería de BTC tampoco fueron inmunes al sentimiento de sobreexuberancia y a la creencia de que ""el precio solo va a subir"" hasta que Bitcoin alcance el tan esperado objetivo de USD 100,000 al que se aferraron la mayoría de los analistas.
Históricamente, los mineros de Bitcoin son una especie escurridiza que se mantiene en silencio y no está dispuesta a decir mucho al público, pero Cointelegraph tuvo cierto éxito en asegurar un momento con el CEO y fundador de HashWorks, Todd Esse, para discutir el estado actual de la industria minera y sus predicciones sobre hacia dónde podría dirigirse el mercado durante el próximo año.
Cointelegraph: Bitcoin está cotizando por debajo de sus precio realizado , y también está por debajo del coste de producción de los mineros . El precio también está por debajo del máximo histórico anterior y el hashrate está cayendo. Normalmente, los analistas on-chain señalan que estas métricas alcanzando mínimos extremos son una oportunidad de compra generacional.
Todd Esse: Creo que los precios actuales representan una oportunidad de inversión, pues es probable que los precios actuales no reflejen márgenes mineros rentables tal y como está estructurada la industria en la actualidad. Sin embargo, en nuestra opinión, los precios pueden seguir bajo presión a medida que la industria minera y el apalancamiento asociado a ella se reajusten o reconfiguren.
CT: ¿Cuál es el estado de la industria minera de BTC en este momento? Hemos oído que los mineros apalancados están quebrando, que los mineros subóptimos e ineficientes están saliendo y que el equipo podría estar en proceso de ser embargado o vendido en liquidación. El precio de las acciones de las mineras que cotizan en bolsa y los ingresos también tienen muy mala pinta en estos momentos. ¿Qué está ocurriendo tras bastidores y cómo cree que afectará a la industria en los próximos 6 meses o un año?
TE: En nuestra opinión, la minería sigue ofreciendo una atractiva rentabilidad de inversión para quienes sean selectivos en su enfoque y tengan objetivos a largo plazo. Gran parte de la capacidad minera instalada actualmente es con equipos ASIC en el rango de menos de 85 TH/s y con contratos de energía que no han sido gestionados como lo haría un consumidor tradicional de energía a gran escala.
Ya hemos visto esto antes, ¿verdad? Dinero fácil + poca disciplina = riesgos desequilibrados. Podríamos ver fácilmente un período prolongado en el que la industria minera se consolide y permita la entrada de diferentes capitales de inversión en el mercado.
CT: ¿Por qué es exactamente ahora un buen o mal momento para empezar a minar? ¿Hay alguna métrica on-chain particular o de la rentabilidad que estés mirando o es sólo su intuición?
TE: Normalmente, los periodos de crisis y los cambios en el paradigma aceptado ofrecen ventajas a los nuevos participantes. Nuestro único objetivo es aprovechar estas nuevas oportunidades.
CT: Si tengo un millón de dólares en efectivo, ¿es un buen momento para montar una instalación y empezar a minar? ¿Qué pasa con 300,000, 100,000 y 10,000 dólares? En el rango de 40,000 a 10,000 dólares de fondo inicial, ¿por qué no es un buen momento para montar una instalación minera en casa o de tamaño industrial?
TE: Si tuvieras 1 millón de dólares en efectivo, podría ser un buen momento para comprar oportunamente un poco de BTC. Los precios de producción de los principales mineros no están lejos de estos niveles, veo difícil que se mantengan estos niveles hasta que los ASIC bajen más de valor. Creo que el tiempo de la minería en casa ha pasado en gran medida como resultado de la nueva dinámica de la industria energética.
Alentaría a los que buscan ganancias a buscar oportunidades mineras con empresas como Compass Mining u otras mineras ""en la nube"" cuyos equipos y contratos de energía pueden suponer una inversión atractiva a medida que cambia esta dinámica.
Creemos que, como resultado de las disrupciones actuales y esperadas en el mercado, así como de la mayor aceptación de las soluciones de inmersión, seguirá habiendo oportunidades atractivas para establecer operaciones mineras a escala.
CT: ¿La caída del precio de Bitcoin por debajo de su máximo histórico por primera vez en la historia tiene alguna ramificación futura significativa en los fundamentos del activo y de la industria?
TE: En nuestra opinión, no. Es difícil confiar en las comparaciones históricas cuando se trata de una materia prima nueva y un activo técnico transformador como BTC. Los mineros están produciendo BTC, dado un conjunto de insumos (poder de cómputo, acceso al capital y energía) y el precio del mercado no siempre refleja el coste de producción en absoluto.
La minería de BTC a gran escala no es muy diferente de la producción de petróleo y gas u otras materias primas. Las mejoras en la tecnología de perforación transformaron la posición de Norteamérica en los mercados energéticos mundiales.
Cuando los precios del petróleo y del gas se desplomaron durante las primeras etapas de la pandemia, nadie se cuestionó si necesitábamos o no seguir conduciendo coches o calentando nuestras casas. La minería apoya la cadena de bloques y la computación proof-of-work demostrará que ofrece a nuestra red la capacidad de transición hacia un futuro de energía renovable.
Nos comprometemos a ser un participante innovador y constructivo en esta industria que sigue madurando.
Aclaración: La información y/u opiniones emitidas en este artículo no representan necesariamente los puntos de vista o la línea editorial de Cointelegraph. La información aquí expuesta no debe ser tomada como consejo financiero o recomendación de inversión. Toda inversión y movimiento comercial implican riesgos y es responsabilidad de cada persona hacer su debida investigación antes de tomar una decisión de inversión.
Las inversiones en criptoactivos no están reguladas. Es posible que no sean apropiados para inversores minoristas y que se pierda el monto total invertido. Los servicios o productos ofrecidos no están dirigidos ni son accesibles a inversores en España.
",24.06.2022
7,https://es.cointelegraph.com/news/crickets-on-day-1-but-proshares-short-bitcoin-etf-volume-up-380-on-day-2,"El primer día fue un fracaso, pero el volumen del ETF de Proshares en corto subió un 380% el segundo día","Brian Newar
23 Jun 2022
El primer día fue un fracaso, pero el volumen del ETF de Proshares en corto subió un 380% el segundo día
Un primer día de negociación lento del ETF en corto de Bitcoin puede no haber sido más que un ligero contratiempo en el nuevo producto de ProShares, ya que los volúmenes crecieron en el segundo día.
211 Vistas totales
18 Número total de compartidos
Noticias
El primer fondo cotizado en exchange (ETF) en corto de Bitcoin ( BTC ) de ProShares tuvo un comienzo lento en su lanzamiento del martes, pero ganó ritmo al aumentar el volumen de operaciones en un 380% en el segundo día.
El día del lanzamiento, el martes, el ETF ProShares Bitcoin Short Strategy (BITI) negoció unas deslucidas 183,300 acciones, que el analista de ETF de Bloomberg Eric Balchunas señaló en un tuit que era ""menos del 1% del volumen que tuvo BITO en este momento el primer día"".
Usuarios de GitHub responden con un ""proyecto de ley Bitcoin"" a la propuesta Gillibrand-Lummis
Sin embargo, el volumen de operaciones del día siguiente se multiplicó casi por cuatro hasta alcanzar las 886,200 acciones, con un valor de unos USD 36.2 millones, según Yahoo Finance.
ProShares #Bitcoin short strategy ETF (BITI) trades over 870k shares, 35 million value, on second trading day https://t.co/gyfMcm4UOz
— unfolded. (@cryptounfolded) June 22, 2022
El ETF ProShares Bitcoin Short Strategy (BITI) negocia más de 870,000 acciones, con un valor de 35 millones, en el segundo día de negociación
El fondo cotizado BITI les permite a los inversores tomar posiciones cortas en el mercado de bitcoin sin tener BTC ellos mismos. Ponerse en corto significa especular que el valor de un mercado o de un activo va a caer.
El CEO de ProShares, Michael L. Sapir, habló del volumen del segundo día como indicativo de la demanda y de la estructura de bajas comisiones de BITI:
“La recepción que BITI está teniendo en el mercado afirma la demanda de los inversores de un ETF conveniente y rentable para beneficiarse potencialmente o cubrir sus tenencias de criptomonedas cuando bitcoin baja de valor.”
Bybit llega a un acuerdo con la Comisión de Valores de Ontario
ProShares también ofrece el ETF Bitcoin Strategy (BITO), que se lanzó el 18 de octubre. BITO tuvo un volumen de unos USD 1,000 millones en su primer día de cotización.
En noviembre, el volumen de BITO se encontraba entre el 2% de todos los ETF, pero ahora ha perdido el 50.93% de su valor desde su creación.
Por supuesto, USD 36 millones palidecen en comparación con las posiciones largas de USD 1,000 millones del primer día. Esto puede significar que la mayoría de los inversores no están seguros de que haya más caídas a partir de aquí. En los últimos 30 días, la mayor criptomoneda por capitalización de mercado ha perdido más del 30% de su valor.
El rendimiento relativamente pobre de BITI en el día de lanzamiento atrajo las burlas de CFA en Bloomberg Intelligence James Seyffart. El martes, Seyffart tuiteó que en la primera hora de negociación que BITI solo había hecho alrededor de USD 1 millón en volumen.
Seyffart dijo que esperaba que el volumen de apertura fuera bajo, pero ""sí, no digo que sea una sorpresa. Aunque debo admitir que estoy un poco sorprendido de que sea TAN bajo"".
So.. $BITI , the Proshares inverse #Bitcoin futures ETF that launched today is off to a pretty slow start based on its volume. Granted it didn't start trading till about 9:57 AM. Sooo we have an hour of trading and only $1 million in total trading volume... https://t.co/Hf0XFeGmsX
— James Seyffart (@JSeyff) June 21, 2022
Así que... BITI, el ETF inverso de futuros de Bitcoin de Proshares que se lanzó hoy tiene un comienzo bastante lento basado en su volumen. Hay que resaltar que no comenzó a operar hasta alrededor de las 9:57 AM. Así que tenemos una hora de comercio y solo USD 1 millón  de volumen total de comercio... https://t.co/Hf0XFeGmsX
Hester Peirce critica la agenda de la SEC: más errores que la simple política de criptomonedas
Al cierre, BITI había hecho unos USD 7.1 millones de volumen a un precio medio diario de USD 39.06 por acción.
Los nuevos ETF de Bitcoin de Australia también han luchado por atraer el interés. En abril, se esperaba que el Cosmos Purpose Bitcoin Access ETF (CBTC) atrajera USD 1,000 millones en entradas. Sin embargo, su lanzamiento y el ETF 21Shares Bitcoin ( EBTC ) se retrasó hasta el 12 de mayo. Hasta la fecha, el CBTC solo cuenta con USD 810,000 de activos gestionados, mientras que el EBTC tiene USD 2.8 millones.
Los traders estadounidenses siguen anhelando un ETF de Bitcoin al contado, algo que la Comisión del Mercado de Valores de los Estados Unidos ha negado durante años. La comisaria Hester Pierce cree que se podrá lanzar un ETF de Bitcoin al contado en EE.UU. cuando las personas del sector y los reguladores cooperen más estrechamente para garantizar que ambos estén en la misma página.
Aclaración: La información y/u opiniones emitidas en este artículo no representan necesariamente los puntos de vista o la línea editorial de Cointelegraph. La información aquí expuesta no debe ser tomada como consejo financiero o recomendación de inversión. Toda inversión y movimiento comercial implican riesgos y es responsabilidad de cada persona hacer su debida investigación antes de tomar una decisión de inversión
Sigue leyendo:
",23.06.2022
8,https://es.cointelegraph.com/news/chainalysis-launches-reporting-service-for-businesses-targeted-in-crypto-related-cyberattacks,Chainalysis lanza un servicio de atención para las empresas objeto de ciberataques relacionados con las criptomonedas,"22 Jun 2022
Chainalysis lanza un servicio de atención para las empresas objeto de ciberataques relacionados con las criptomonedas
La firma dijo que estaba iniciando una línea de atención ""Crypto Incident Response"" para ""ayudar a llevar a los malos actores ante la justicia y demostrar que las criptomonedas no son la clase de activos del anonimato y el crimen.""
100 Vistas totales
14 Número total de compartidos
Noticias
La empresa de análisis blockchain Chainalysis ha puesto en marcha una línea de atención que aceptará informes sobre incidentes de ataques informáticos que exijan pagos en criptomonedas a plataformas o empresas.
En una entrada de blog del miércoles, Chainalysis dijo que su línea de atención ""Crypto Incident Response"" funcionaría 24/7 para las víctimas de un ""hack, ataque de ransomware, exploit de código o ataque de préstamo flash"" en el que ""se exigen o se roban fondos de criptomonedas"". La compañía atribuyó el lanzamiento del servicio de información a los ataques de ransomware relacionados con criptomonedas que presentan ""preocupaciones de seguridad nacional"", así como a la posibilidad de socavar la confianza en la industria de las criptomonedas.
Tenga cuidado de no perder su Bitcoin: Kaspersky detecta casi 200,000 estafas con temas de criptomonedas
Según Chainalysis, los hackers fueron responsables de la pérdida de más de USD 3 mil millones en valor de criptomonedas a través de robos y demandas de rescate de 251 ataques en 2021, con transacciones hacia y desde direcciones ilícitas que representan el 0.15% del volumen total de transacciones en el espacio. Al recibir un informe, la firma dijo que un equipo trabajaría con la víctima para rastrear los fondos, si es necesario, y potencialmente coordinar con las autoridades locales.
""Los ataques son cada vez más frecuentes y graves, lo que representa un obstáculo importante para la creación de confianza en las criptomonedas"", dijo Chainalysis. ""Estamos invirtiendo en este servicio no solo para ayudar a las organizaciones en sus momentos de necesidad, sino también para ayudar a llevar a los malos actores ante la justicia y demostrar que la criptomoneda no es la clase de activos del anonimato y el crimen"".
Today we’re launching Crypto Incident Response, a rapid response service for organizations that have been targeted by a cyber attack or unauthorized network intrusion that involves a #crypto theft or demand. Find out how it works: https://t.co/OypbSk344s
Inverse Finance vuelve a sufrir un exploit de USD 1.2 millones
Chainalysis ha trabajado previamente con las autoridades del gobierno de Estados Unidos para hacer frente a ataques de ransomware de alto perfil y a ciberataques que amenazan la infraestructura del país. En 2021, la firma de análisis dijo que exploró las direcciones asociadas con la empresa Suex, con sede en Rusia , como parte de una investigación por permitir supuestamente que los hackers accedan a criptomonedas enviadas como pago por ataques de ransomware. El Departamento de Justicia de EE.UU. también trabajó con Chainalysis para ayudar a incautar fondos de un operador de ransomware que supuestamente se dirigió a los hospitales durante la pandemia.
Aclaración: La información y/u opiniones emitidas en este artículo no representan necesariamente los puntos de vista o la línea editorial de Cointelegraph. La información aquí expuesta no debe ser tomada como consejo financiero o recomendación de inversión. Toda inversión y movimiento comercial implican riesgos y es responsabilidad de cada persona hacer su debida investigación antes de tomar una decisión de inversión.
Sigue leyendo:
",22.06.2022
9,https://es.cointelegraph.com/news/blockchain-isn-t-as-decentralized-as-you-think-defense-agency-report,La tecnología blockchain no es tan descentralizada como crees,"22 Jun 2022
La tecnología blockchain no es tan descentralizada como crees
El informe publicado el martes destaca varios escenarios en los que varios actores pueden obtener un control excesivo y centralizado de un sistema blockchain.
3149 Vistas totales
11 Número total de compartidos
Noticias
La tecnología de libro mayor distribuido (DLT) y blockchain, como Bitcoin y Ethereum, pueden ser más vulnerables a los riesgos de centralización de lo que se pensaba inicialmente, según Trail of Bits.
La empresa de seguridad publicó el martes su informe titulado ""Are Blockchains Decentralized?"" (¿Las blockchains son descentralizadas?), que fue encargado por la Agencia de Proyectos de Investigación Avanzada de Defensa (DARPA) del Gobierno de Estados Unidos.
Aaron Olmos, economista venezolano, declaró que se desvirtuó el uso originario de Bitcoin
El informe pretende investigar si las cadenas de bloques, incluidas Bitcoin y Ethereum, son realmente descentralizadas, aunque el informe parece centrarse principalmente en Bitcoin.
Entre sus principales conclusiones, la empresa de seguridad descubrió que los nodos de Bitcoin obsoletos, los grupos de minería de blockchain sin cifrar y la mayor parte del tráfico de red de Bitcoin sin cifrar que atraviesa solo un número limitado de ISP podrían dejar espacio para que varios actores obtengan un control excesivo y centralizado sobre la red.
Nodos de Bitcoin
El informe afirmaba que una subred de nodos de Bitcoin se encarga en gran medida de alcanzar el consenso y comunicarse con los mineros y que una ""gran mayoría de nodos no contribuyen de forma significativa a la salud de la red"".
También encontró que el 21% de los nodos de Bitcoin están ejecutando una versión antigua del cliente Bitcoin Core, que se sabe que tiene problemas de vulnerabilidad, como errores de consenso. Afirma que ""es vital que todos los nodos de DLT operen con la misma versión de software más reciente, de lo contrario, pueden producirse errores de consenso y provocar una bifurcación de la cadena de bloques"".
El nuevo presidente de Colombia parece ser un fan de Bitcoin
Un nodo de Bitcoin es cualquier ordenador que almacena y verifica bloques en la cadena de bloques. Los nodos se utilizan para controlar la salud y la seguridad de la cadena de bloques de Bitcoin y validar la exactitud de las transacciones. La versión actual que deben ejecutar todos los nodos es Bitcoin Core 22.0 .
Otra de las conclusiones del informe es que el protocolo del pool de minería de Bitcoin, Stratum, no está encriptado ni autentificado.
Esto significa que se pueden realizar ataques maliciosos para ""estimar el hashrate y los pagos de un minero en el pool"" y ""manipular los mensajes de Stratum para robar ciclos de CPU y pagos de los participantes del pool de minería"".
Canalización a través de ISP
Los autores también encontraron vulnerabilidades en la infraestructura, basadas en el hecho de que el tráfico del protocolo Bitcoin no está cifrado y el 60% del tráfico de la red atraviesa solo tres ISP.
Esto es un problema porque ""los ISP y los proveedores de alojamiento tienen la capacidad de degradar o denegar el servicio a cualquier nodo de forma arbitraria"".
El informe contiene 26 páginas de información detallada, datos e infografías. DARPA se fundó en 1958 y es responsable del desarrollo de tecnologías emergentes para su uso por parte de la agencia del Departamento de Defensa de los Estados Unidos y el ejército estadounidense. Trail of Bits es una empresa de investigación y consultoría en ciberseguridad que fue contratada por DARPA para elaborar el informe.
Bitfarms vendió 3,000 bitcoins como parte de la estrategia para mejorar la liquidez y pagar las deudas
El informe llega en un momento interesante, después de que las preocupaciones sobre la centralización se pusieran de manifiesto en Solana.
El domingo, el protocolo de préstamos financieros descentralizados (DeFi) Solend, con sede en Solana, elaboró una propuesta de gobernanza de forma espontánea con el objetivo de hacerse con el monedero de una ballena que se enfrentaba a una liquidación que amenazaba con poner en apuros a Solend y a sus usuarios.
La propuesta, que fue aprobada por una ballena, vio la respuesta inmediata de Twitter , y la creación de otra votación de gobernanza para invalidar la propuesta previamente aprobada. Los observadores argumentan que la medida podría causar daños a la imagen general de DeFi, ya que tomar el control de uno de los monederos de Solend significa que los principios fundamentales de DeFi quedan en entredicho, y revertir una votación no fue mucho mejor.
Aclaración: La información y/u opiniones emitidas en este artículo no representan necesariamente los puntos de vista o la línea editorial de Cointelegraph. La información aquí expuesta no debe ser tomada como consejo financiero o recomendación de inversión. Toda inversión y movimiento comercial implican riesgos y es responsabilidad de cada persona hacer su debida investigación antes de tomar una decisión de inversión
Sigue leyendo:
",22.06.2022
10,https://es.cointelegraph.com/news/aaron-olmos-venezuelan-economist-declared-that-the-original-use-of-bitcoin-is-distorted,"Aaron Olmos, economista venezolano, declaró que se desvirtuó el uso originario de Bitcoin","21 Jun 2022
Aaron Olmos, economista venezolano, declaró que se desvirtuó el uso originario de Bitcoin
El economista advirtió que todo ente gubernamental, empresa o persona que tenga su capital en Bitcoin está en una situación muy complicada.
1465 Vistas totales
15 Número total de compartidos
Noticias
Aaron Olmos, economista venezolano y CEO de Olmos Group Venezuela concedió una entrevista al medio Banca y Negocios de Venezuela hablando sobre el escenario actual de Bitcoin, y las criptomonedas. A través de la entrevista Olmos compartió su diferentes puntos de vista sobre diferentes tópicos de los criptoactivos advirtiendo además que todo ente gubernamental, empresa o persona que tenga su capital en Bitcoin está en una situación muy complicada.
¿Muerte de las criptomonedas?
En relación al mal momento por el que pasan los criptoactivos, Olmos comentó que la tecnología que subyace detrás de los criptoactivos ( blockchain , las billeteras , exchanges , etc) se mantiene igual, sin embargo  la razón del problema actual se encuentra en que las personas van a los mercados a comprar criptos, con el fin único de especular.
“Si el dólar es la moneda marcadora a escala global, Bitcoin es el marcador en el mercado de los criptoactivos en general; de los casi 19.800 criptoactivos que existen, todos tienen una relación, un par, con Bitcoin, de manera cuando este baja, todas las demás criptos se ven impactadas”, explicó Olmos para el portal Banca y Negocios.
Asimismo también comentó acerca de una limpieza necesaria en el mercado de aquellos criptoactivos que no eran de mucha utilidad y la estaban pasando muy mal: “La única manera es generar estabilidad y disciplina. También es un proceso de limpieza. Hay un montón de criptomonedas que no sirven para nada”, dijo Olmos.
El precio de Bitcoin toca máximos de 5 días mientras Shiba Inu lidera las ganancias a nivel de altcoins
Visión de mercado
Desde el punto de vista macroeconómico, Olmos apuntó la razón de la caída en el precio de las criptomonedas a diversos factores, siendo el primero los  aumentos relevantes de los índices de inflación en las principales economías. Por un lado 8.3%  en Estados Unidos , Interanual acumulado, algo que no había pasado desde ya hace  40 año, por otro, con la economía del euro, donde el Banco Central Europeo también habla de 8% de inflación, y en tercer lugar el conflicto bélico Rusia-Ucrania.
“Quizás para países como los nuestros puede ser una tontería, pero para mercados estables, con economías sólidas, hablar de 8% de inflación interanual –que puede tener tendencia al alza- es bastante complejo”, señaló con respecto a la inflación.
“Esta situación (conflicto Rusiai-Ucrania) con la inflación en EEUU y Europa –dos de los pilares de la economía global en términos de intercambio comercial- afecta de manera sistémica al resto del planeta”, añadió Olmos, quien además enfatizó que la toma de decisión de los bancos centrales en la política monetaria y cambiaria son en estos momentos muy importantes.
En este sentido, Olmos explicó también que, en consecuencia, los capitales que –de manera especulativa- se estaban colocando en el mercado de los criptoactivos, al estar directamente conectados con los movimientos de las monedas fiduciarias , que gestionan los Bancos Centrales, empiezan a salir del mercado cripto, ya que según a su criterio quien tiene Bitcoin o Ether no necesariamente está buscando quedarse con estos activos, sino con el dinero fiat que subyace detrás de ese tipo de cambio que les asigna el mercado.
“El Bitcoin se ha convertido en un mecanismo de especulación con divisas, porque se pueden obtener más dólares o euros por una variación de precios”, declaró.
Dicho esto, Olmos indicó lo siguiente: “Cuando el precio sube todo el mundo quiere estar en criptoactivos; cuando el precio baja, vemos liquidaciones de largo y corto plazo, porque las personas tienen miedo de perder aún más su patrimonio, y se pasan a activos de resguardo, commodities de toda la vida, como el oro, por ejemplo.”
El modelo stock-to-flow de Bitcoin da una falsa sensación de certeza, dice Vitalik Buterin
Bitcoin como reserva de valor
Durante la entrevista Olmos aprovechó para pronunciarse sobre la cancelación de retiros de parte de plataformas como Binance durante momentos de incertidumbres de mercado. A su juicio, Olmos considera razonable que plataformas como Binance, hayan paralizado las liquidaciones de criptomonedas, especialmente Bitcoin, ya que  esa es una estrategia razonable de gestión de riesgo, que persigue parar la sangría hasta que los precios logren estabilizarse.
“Esto también lo hacen en las Bolsas de Valores. Cuando el precio de una acción comienza a caer a una gran velocidad, se toma la decisión de no permitir seguir liquidando para intentar que el mercado se estabilice en términos de precios”, añadió.
En esta línea de conversación Olmos también expresó que contrario al discurso de algunos “muy entusiastas”, en la actualidad las criptomonedas guardan una gran dependencia de  de la economía tradicional, aunque estas siguen siendo descentralizadas, distribuidas, abiertas, y funcionan adecuadamente a nivel técnico.
Bitcoin y las criptomonedas: entendiendo donde estamos
¿Bitcoin un modelo desvirtuado?
Olmos, cuando fue interrogado sobre si consideraba los criptoactivos como un refugio de valor, comentó que si bien, sí siguen siendo un canal de transferencia de valor, pero que con el paso de los años se desvirtuó su uso originario que consistía en ser una vía alternativa para transferir valor digital . “Un medio de pago adicional: esa era la idea original”, dijo.
“Con 13 años de historia se convirtió en un vehículo de inversión, en un activo subyacente de productos de inversión compleja a nivel de mercados no regulados, y toda esa innovación financiera, detrás de las  cripto, es lo que muchas personas ahora dicen que está dañando el sistema financiero”, declaró.
“¿Son un activo de refugio? «Ningún activo es un refugio eficaz frente a la inflación. Lo que está pasando con las principales monedas del mundo es que pierden su valor intrínseco, Pasa lo mismo con las personas que tienen sus portafolios de criptoactivos denominados en esas monedas; están perdiendo su valor intrínseco por el alza de los precios”, agregó Olmos.
“Si una persona tiene 80% de su portafolio en criptoactivos está ahora mismo en problemas; sin embargo, las cripto no perdieron su característica de ser un activo fiable. Operativamente, no. Hay una corrección de precios de los proyectos. Hasta dónde van a bajar lo dirá el mercado. Algunos inversionistas están diciendo que no van a vender criptos a pesar que el precio baje”, apuntó Olmos.
Además de esto Olmos habló en referencia de las stablecoin, las cuales a su criterio muchas se han visto impactadas también por la inflación, y fue enfático diciendo que en la actualidad la escogencia de criptoactivos no garantiza superioridad, pero que quizás este segmento fuese a ser el menos afectado.
Bitcoin en Zimbabue: importar coches y enviar dinero a la familia
¿Nayib Bukele se equivocó?
De acuerdo a diversas fuentes, la nación de El Salvador acumulaba pérdidas de más de 40 millones de dólares por el reciente crack de BTC, y en este sentido Olmos fue consultado por su opinión sobre el caso especial de la nación centroamericana y reconoció que el hecho de asumir un criptoactivo tan volátil como moneda de curso legal, a nivel de finanzas públicas, fue muy arriesgado.
“No es lo mismo que una persona tenga criptos, a que todo el país dependa de BTC. Al final, la decisión se recibió con bombos y platillos, pero como ya venía una baja de precio, la posibilidad de los bonos volcán dependían de BTC y no se han podido colocar”, comentó.
“Sin embargo, queda claro que el experimento salvadoreño muestra las costuras de asumir un cripto como elemento clave en las finanzas públicas de un país”, agregó.
Presidente del Banco Central de Venezuela demandó celeridad para la adopción del sistema de pago ruso ‘MIR’ en territorio Venezolano
Contexto Venezolano
Por último lugar, Olmos fue consultado sobre la actualidad venezolana en cuanto a los criptoactivos y él mismo declaró que si bien Venezuela sigue siendo –según Chainalysis- uno de los países de mayor adopción cripto , se hecho muy difícil tener estadísticas fiables, que ni siquiera el ente regulador, la Sunacrip, tiene un área de estadísticas para saber cuántas operaciones se hacen con el Petro.
“Cada vez más vemos que la gente está usando más stablecoins que Bitcoin, que el venezolano asume como respaldo a largo plazo. En este año se ha incrementado en Venezuela el uso de las criptos estables. Más allá de algunas situaciones que se puedan estar presentando con algunos stablecoins, se persigue que haya un paralelismo con el dólar”, declaró Olmos, advirtiendo también que todo ente gubernamental, empresa o persona que tenga su capital en Bitcoin está en una situación muy complicada.
“Hay que esperar a que se estabilice el precio para poder liquidar. No podemos saber qué cantidad de personas están liquidando Bitcoin a corto o largo plazo, pero sí sabemos que hay un crecimiento del uso de criptoactivos estables”, concluyó.
Aclaración: La información y/u opiniones emitidas en este artículo no representan necesariamente los puntos de vista o la línea editorial de Cointelegraph. La información aquí expuesta no debe ser tomada como consejo financiero o recomendación de inversión. Toda inversión y movimiento comercial implican riesgos y es responsabilidad de cada persona hacer su debida investigación antes de tomar una decisión de inversión.
Te puede interesar:
",22.06.2022
11,https://es.cointelegraph.com/news/worst-quarter-ever-for-stocks-5-things-to-know-in-bitcoin-this-week,El peor trimestre de la historia para las acciones: 5 cosas a tener en cuenta sobre bitcoin esta semana,"William Suberg
20 Jun 2022
El peor trimestre de la historia para las acciones: 5 cosas a tener en cuenta sobre bitcoin esta semana
Bitcoin logra un cierre semanal por encima de los USD 20,000, pero el mercado está en el filo de la navaja: ¿los mineros podrán aguantar esta semana?
2659 Vistas totales
2 Número total de compartidos
Noticias del mercado
Bitcoin ( BTC ) comienza una nueva semana todavía luchando por el soporte de los USD 20,000 mientras el mercado asume una semana de graves pérdidas.
Lo que parecía casi imposible hace unas semanas, ahora es una realidad, ya que regresa el precio de USD 20,000 para BTC -su máximo histórico de 2017 a 2020-, lo que les da a los inversores una sombría sensación de deja vu.
El precio de bitcoin cayó hasta los USD 17,600 durante el fin de semana, y las tensiones son altas antes de la apertura de Wall Street del 20 de junio.
Aunque estadísticamente las pérdidas de precios de BTC ya han ocurrido antes –y han sido incluso mayores-, la preocupación por la estabilidad de la red aumenta en los niveles actuales, y la atención está especialmente centrada en los mineros.
Si a esto le añadimos el consenso de que los mercados macro probablemente no han tocado fondo, se entiende por qué el sentimiento en torno a bitcoin y a las criptomonedas está en niveles mínimos.
Cointelegraph echa un vistazo a algunas de las principales áreas de interés para los usuarios cuando se trata de la acción del precio de bitcoin en los próximos días.
Las 5 principales criptomonedas a observar esta semana: BTC, SOL, LTC, LINK, BSV
Bitcoin rescata el nivel de USD 20,000 en el gráfico semanal
Bitcoin rescata el nivel de USD 20,000 en el gráfico semanal podría haber sido peor : la mayor criptomoneda logró retener un nivel de soporte clave al menos en los marcos de tiempo semanales.
Sin embargo, la mecha inferior se estiró USD 2,400, y una repetición podría aumentar el dolor para aquellos que apuestan por los USD 20,000, formando un nivel de precios significativo.
Durante la noche, el par BTC/USD alcanzó máximos de USD 20,629 en Bitstamp antes de volver a consolidarse inmediatamente por debajo de la marca de USD 20,000, lo que indica que la situación sigue siendo precaria en los marcos temporales inferiores.
Think prices should run up a lot now, punishing panic sellers and forced sellers. Recovering at least half the drop from two Fridays ago (CPI day). I want to see a fast reaction up from here next couple of days. The best rallies are those that don't give laggards an entry.
— Alex Krüger (@krugermacro) June 19, 2022
Pienso que los precios deberían subir mucho ahora, castigando a quienes vendieron por pánico y a los vendedores forzados. Se debería recuperar al menos la mitad de la caída de hace dos viernes (día del IPC). Quiero ver una reacción rápida al alza a partir de aquí los próximos días. Los mejores rallies son los que no dan entrada a los rezagados.
Si bien algunos piden a una recuperación repentina, el estado de ánimo general entre los comentaristas sigue siendo de un optimismo más cauteloso.
""Durante el fin de semana, mientras las vías fiduciarias están cerradas, BTC cayó hasta un mínimo de USD 17,600, casi un 20% menos que el viernes, con un buen volumen. Huele a que un vendedor forzado provocó un stop running"", argumentó Arthur Hayes, ex CEO de la plataforma de comercio de derivados BitMEX, en un hilo de Twitter el 2 de junio.
Hayes postuló que la recuperación se produjo tan pronto como terminaron esas ventas forzadas, pero aún puede haber más presión de los vendedores.
""¿Se ha acabado ya...? no sé"", decía otro mensaje:
“Pero para aquellos cazadores de cuchillos hábiles, todavía puede haber oportunidades adicionales para comprar monedas de aquellos que deben golpear cada oferta sin importar el precio.”
El papel de los fondos de cobertura de criptomonedas y los vehículos de inversión relacionados en la exacerbación de la debilidad del precio de BTC se ha convertido en un tema clave de debate desde la implosión de Terra en mayo . Dado que Celsius , Three Arrows Capital y otros se han unido al caos , las liquidaciones forzadas resultantes de los mínimos de varios años pueden ser lo que se necesita para estabilizar el mercado a largo plazo.
""Bitcoin no ha terminado de liquidar a los grandes jugadores"", argumentó el inversor Mike Alfred el 18 de junio:
“Lo llevarán a un nivel que cause el máximo daño a los jugadores más sobreexpuestos como Celsius y luego, de repente, rebotará y subirá más una vez que esas empresas sean completamente borradas. Una historia tan antigua como el tiempo.”
Por otra parte, los USD 16,000 siguen siendo un objetivo popular, lo que en sí mismo solo equivale a una reducción del 76% desde los máximos históricos de bitcoin de noviembre de 2021. Como informó Cointelegraph, las estimaciones actualmente son de USD 11,000 , un 84.5%.
""El nivel de USD 31,000-32,000 cedió y se utilizó como resistencia. Lo mismo está sucediendo con el de USD 20,000-21,000. El objetivo principal es de: USD 16,000-17,000, especialmente $16,000-16,250"", resumió la popular cuenta de Twitter Il Capo of Crypto.
Adicionalmente describió a los USD 16,000 como un ""fuerte imán"".
Gráfico de velas de 1 semana del par BTC/USD (Bitstamp). Fuente: TradingView
Las acciones y los bonos no tienen ""dónde esconderse""
Las perspectivas de la renta variable antes de la apertura de Wall Street, por su parte, ofrecen pocas perspectivas alcistas para BTC el 20 de junio.
Como señala el analista y comentarista Josh Rager, la correlación entre bitcoin y las acciones sigue en plena vigencia.
Equity futures are down
— Rager (@Rager) June 20, 2022
Los futuros de las acciones están a la baja. Por lo tanto, BTC le seguirá.
Los astros parecen estar alineados para los inversionistas cortos. A nivel mundial, las acciones se están alineando con su ""peor trimestre de la historia"", según datos actualizados al 18 de junio, y los mercados de criptomonedas les dan a los inversores una muestra de la realidad con meses de antelación.
Nowhere to hide: Stocks and bonds together are on track for their worst quarter ever. Meanwhile, credit markets have also taken a battering. #Bitcoin has lost over two-thirds of its value since it touched a high of nearly $70,000 in Nov. (via BBG) pic.twitter.com/CP3zmzhVTl
— Holger Zschaepitz (@Schuldensuehner) June 18, 2022
No hay lugar donde esconderse: Las acciones y los bonos van camino a registrar el peor trimestre de su historia. Por su parte, los mercados de crédito también se han visto afectados. EBitcoin ha perdido más de dos tercios de su valor desde que tocó un máximo de casi USD 70,000 en noviembre (vía BBG)
Por tanto, parece que el único actor del mercado capaz de cambiar las tornas es el banco central, y en concreto la Reserva Federal .
Algunos afirman ahora que el endurecimiento monetario no puede durar mucho tiempo, ya que su impacto negativo obligará a la Reserva Federal a empezar a ampliar de nuevo la oferta de dólares estadounidenses. Esto, a su vez, haría que el dinero volviera a fluir hacia los activos de riesgo.
Se trata de una perspectiva que incluso comparte la propia Fed en caso de que Estados Unidos entre en recesión, algo que tiene muchas posibilidades de ocurrir , según la interpretación de los recientes comentarios de la Fed.
Refiriéndose al entorno acomodaticio con tipos ultrabajos, el gobernador de la Fed, Christopher J. Waller, dijo en un
discurso el 18 de junio:
“Espero que nunca tengamos otros dos años como los de 2020 y 2021, pero debido al entorno de bajos tipos de interés al que nos enfrentamos ahora, creo que incluso en una recesión típica hay una posibilidad decente de que nos planteemos en el futuro decisiones políticas similares a las que hemos tomado en los dos últimos años.”
Sin embargo, la política dicta un aumento de las subidas de tipos , que fue el desencadenante directo del aumento de las pérdidas de activos de riesgo cuando lo anunció la Fed a principios de mes.
Los mineros no están de humor para capitular
¿Quién está vendiendo BTC a los niveles más bajos desde noviembre de 2020?
Los datos on-chain han estado rastreando las cohortes de inversores que contribuyen a la presión de las ventas, algunas forzadas y otras voluntarias.
BTC se dirige a un cierre semanal desastroso mientras el precio de bitcoin consigue un rechazo en USD 20,000
Los mineros, que pueden estar ya bajo el agua a la hora de participar en la búsqueda de bloques, han pasado de compradores a vendedores, deteniendo una tendencia de acumulación de varios años.
""Los mineros han vendido alrededor de 9,000 BTC de sus tesoros esta semana, y todavía tienen alrededor de 50,000 BTC"", confirmó el 19 de junio la empresa de análisis on-chain Glassnode.
El coste de producción de los mineros, sin embargo, es difícil de calcular con exactitud, y las diferentes configuraciones se enfrentan a condiciones y gastos de minería drásticamente diferentes. Por ello, muchos pueden seguir siendo rentables incluso a los precios actuales.
Bitcoin is not below electrical cost, especially large scale miners where marginal costs are closer to 10k than 20k. From @GalaxyDigitalHQ : pic.twitter.com/8iSvzZqCtT
— MAGS ⛏️ (@Crypto_Mags) June 18, 2022
Bitcoin no está por debajo del coste eléctrico, especialmente para los mineros a gran escala donde los costes marginales están más cerca de los USD 10,000 que de los USD 20,000. De @GalaxyDigitalHQ:
Los datos de BTC.com, por su parte, ofrecen una noticia sorprendente. La dificultad de la red de Bitcoin no está a punto de caer para reflejar un éxodo de mineros. Por el contrario, está previsto que se ajuste al alza esta semana.
La dificultad le permite a la red de Bitcoin ajustarse a las condiciones económicas cambiantes y es la columna vertebral de su algoritmo proof-of-work de éxito único. Si los mineros abandonan por falta de rentabilidad, la dificultad disminuye automáticamente para reducir los costes y hacer la minería más atractiva.
Sin embargo, hasta ahora los mineros siguen a bordo.
Asimismo, la tasa de hash, si bien se aleja de los máximos históricos, se mantiene por encima de una estimación de 200 exahashes por segundo (EH/s). La potencia del hardware dedicado a la minería está, por tanto, en niveles similares a los de antes.
Visión general de los fundamentos de la red de Bitcoin (captura de pantalla). Fuente: BTC.com
Los Bitcoiners ven pérdidas ""masivas”
En general, los hodlers tanto grandes como pequeños que no pudieron capear el temporal se enfrentaron a pérdidas ""masivas"" cuando vendieron, dice Glassnode.
""Si evaluamos el daño, podemos ver que casi todas las cohortes de monederos, desde Shrimp hasta Whales, ahora tienen pérdidas masivas no realizadas, peores que las de marzo de 2020"", señalaron los investigadores junto a un gráfico que muestra hasta qué punto los holdings de BTC habían caído frente a la base de costos:
“La cohorte de monederos menos rentable posee entre 1 y 100 BTC, y tiene pérdidas no realizadas equivalentes al 30% de la capitalización de mercado.”
Gráfico con comentarios de las ganancias/pérdidas netas no realizadas de bitcoin (NUPL). Fuente: Glassnode/ Twitter
Las cifras apuntan a un estado de pánico incluso entre los inversores experimentados, lo que podría ser un fenómeno sorprendente dado el historial de volatilidad de bitcoin.
Un vistazo al indicador HODL Waves, que agrupa las monedas según el tiempo que hace que se movieron por última vez, recoge en el registro a los que venden y a los que compran durante la caída.
Entre el 13 y el 19 de junio, el porcentaje de la oferta global de BTC que se movió por última vez entre un día y una semana antes pasó del 1.65% a casi el 6%.
Gráfico de HODL Waves de bitcoin (captura de pantalla). Fuente: Unchained Capital
El sentimiento casi alcanza mínimos históricos
Ya era ""comparable a un funeral"" en diciembre de 2021, pero el sentimiento del mercado de criptomonedas se ha superado a sí mismo .
Según el recurso de seguimiento Índice de Miedo y Avaricia de Criptomonedas, el inversor medio ahora es más temeroso que en casi cualquier momento de la historia del sector.
El 19 de junio, el índice, que utiliza una cesta de factores para calcular el sentimiento general, cayó a un mínimo histórico de solo 6/100, dentro de su categoría de ""miedo extremo"".
El cierre semanal solo mejoró marginalmente la situación; el Índice sumó tres puntos para seguir persistiendo en niveles que históricamente han marcado los mínimos del mercado bajista para bitcoin.
Solo en agosto de 2019 el Índice de Miedo y Avaricia registró una puntuación más baja.
Índice de Miedo y Avaricia de Criptomonedas (captura de pantalla): Alternative.me
Los puntos de vista y las opiniones expresadas aquí son únicamente las del autor y no reflejan necesariamente las opiniones de Cointelegraph.com. Cada inversión y movimiento comercial implica un riesgo, por lo que usted debe realizar su propia investigación al tomar una decisión.
Sigue leyendo:
",20.06.2022
12,https://es.cointelegraph.com/news/russia-seems-to-be-preparing-to-mine-bitcoin-with-flare-gas,Rusia parece estar preparándose para minar Bitcoin con la quema de gas,"17 Jun 2022
Rusia parece estar preparándose para minar Bitcoin con la quema de gas
El gigante del gas ruso Gazprom, uno de los mayores contribuyentes a las emisiones de carbono del mundo, pretende reducir su huella medioambiental proporcionando gas residual para la minería de Bitcoin.
966 Vistas totales
26 Número total de compartidos
Noticias
El gobierno ruso sigue estableciendo vínculos con los principales actores de la industria de la minería de criptomonedas a pesar de mantenerse escéptico sobre la legalización del comercio y los pagos con las mismas.
El gigante estatal ruso del gas Gazprom Neft se ha asociado con BitRiver, el mayor proveedor de servicios de operaciones de criptominería en Rusia. Gazprom proporcionará a los centros de datos asociados de BitRiver electricidad generada a partir del gas de petróleo asociado, según anunciaron oficialmente las empresas el 16 de junio.
¡La resistencia es inútil! 3 razones por las que la minería de Bitcoin nunca desaparecerá
Como parte de la colaboración, BitRiver desarrollará una infraestructura digital basada en los yacimientos petrolíferos de Gazprom para la minería de criptomonedas a partir de la quema de gas residual.
El primer CEO adjunto de Gazprom, Vadim Yakovlev, destacó que el modelo de negocio de Gazprom, en sí mismo, no prevé trabajar con activos digitales. El gigante del gas pretende más bien optimizar el uso de los recursos energéticos para posibilitar las energías renovables, permitiendo ""nuevas formas de uso beneficioso del gas de petróleo asociado"", señaló:
""La reducción de nuestra huella de carbono es un componente esencial de la política ESG de Gazprom Neft. [...] Combinando tecnologías y competencias con los socios, creamos las mejores prácticas del sector para el uso eficiente y ecológico de los recursos naturales"".
Gazprom es una de las mayores empresas de petróleo y gas de Rusia y también uno de los mayores proveedores de gas de la Unión Europea. El gigante petrolero habría sido clasificado como el tercer mayor productor de emisiones de carbono del mundo en 2019.
Según el anuncio, los proyectos de minería de criptomonedas a base de la quema de gas residual son especialmente relevantes cuando se trabaja en nuevos yacimientos petrolíferos que no tienen ninguna infraestructura de transmisión de gas establecida. Otra opción es establecer este tipo de desarrollos en yacimientos petrolíferos remotos en las regiones de Siberia, dado que estos yacimientos están asociados con un exceso de electricidad y una logística de quema de gas poco rentable.
Un fundador de Ethereum critica a BTC y se cuestiona el uso real de energía en la red de Bitcoin
El fundador y CEO de BitRiver, Igor Runets, señaló que la nueva asociación con Gazprom forma parte del ambicioso plan de la empresa para aumentar su capacidad total de energía hasta los 2 gigavatios en los próximos dos años.
El gobierno ruso había considerado previamente un proyecto para minar Bitcoin con gas de petróleo asociado en octubre de 2021.
Rusia es un actor importante en los mercados energéticos mundiales, así como en la minería de Bitcoin ( BTC ). El país era el tercer mayor contribuidor a la tasa de hash de BTC del mundo en agosto de 2021, según el Cambridge Bitcoin Electricity Consumption Index. Según la última actualización del índice, Rusia cayó al quinto puesto porque su tasa de hash de BTC disminuyó a 8,6 EH/s en enero de 2022 desde 13.6 EH/s en agosto de 2021.
Aclaración: La información y/u opiniones emitidas en este artículo no representan necesariamente los puntos de vista o la línea editorial de Cointelegraph. La información aquí expuesta no debe ser tomada como consejo financiero o recomendación de inversión. Toda inversión y movimiento comercial implican riesgos y es responsabilidad de cada persona hacer su debida investigación antes de tomar una decisión de inversión.
Sigue leyendo:
",17.06.2022
13,https://es.cointelegraph.com/news/bitcoin-seems-to-still-be-in-the-fear-zone,Bitcoin parece mantenerse en la zona del miedo,"23 Apr 2022
Bitcoin parece mantenerse en la zona del miedo
Los bajistas parecen estar teniendo el control aún, y el índice cripto de sentimiento de mercado volvió a caer en la zona de ""miedo"".
1990 Vistas totales
28 Número total de compartidos
Análisis
El Country Manager de Bitpanda España , Alejandro Zala, compartió con Cointelegraph en Español su análisis semanal del mercado de las criptomonedas de acuerdo a lo acontecido durante esta semana pasada a partir de la anterior cuando  el movimiento de Bitcoin se mantuvo entre los 36.000 y los 38,000 euros. “Hubo algunos intentos de llevar el precio por encima de los 40,000 €, pero los bajistas tuvieron la sartén por el mango en niveles más altos”, mencionó Zala.
Zala aprovechó para señalar a el índice cripto de miedo y codicia, el cual volvió a caer en la zona de ""miedo"" a 26/100, lo que sugiere que los inversores siguen estando nerviosos. “A lo largo de la semana, el índice pasó de 24/100 a 27/100 y se mantuvo plano durante algunos días, lo que indica que los inversores tienen expectativas bajistas para Bitcoin, al menos desde el punto de vista del sentimiento del mercado”, describió.
Asimismo, Zala mencionó que históricamente, las épocas con este tipo de sentimiento suelen ir seguidas de rendimientos positivos poco después. Por otro lado, comentó Zala, Bitcoin y el mercado de criptomonedas han demostrado en el pasado que el sentimiento del mercado de criptomonedas puede cambiar rápidamente y que un entorno pesimista y temeroso a veces representa una oportunidad de compra para los inversores.
“El gráfico semanal muestra una fuerte correlación con la renta variable estadounidense, mientras que Bitcoin se mantiene dentro del patrón del gran canal ascendente de un movimiento de bajo impulso. En una base de 7 semanas, el coeficiente de correlación de Bitcoin y la renta variable de EE.UU. se acercó a 0,90, con 1 considerado como la ""correlación perfecta"". La media móvil de 50 semanas sigue bajando lentamente y actúa como primera línea de resistencia”, comentó Zala.
“Los indicadores de impulso están en su mayoría planos y se mueven hacia una zona neutral, lo que muestra la indecisión de los inversores. En este momento, la incertidumbre es especialmente alta. En esta situación, y a pesar de la forma del patrón, la dirección de la ruptura no está clara”, agregó.
La acción del precio de Ethereum muestra equilibrio
Con respecto a Ethereum, Zala mencionó que Ether, formó una base por encima del nivel de 2,800 euros y comenzó a mostrar, según su análisis, una recuperación decente después de romper el patrón de cuña descendente en el gráfico diario. “Los indicadores de impulso son positivos y se mueven al alza, pero debido al nivel de sentimiento generalmente bajo entre los inversores, la acción del precio de Ethereum es más equilibrada y lenta”, explicó Zala.
“En el gráfico intradiario, se formó un máximo en 2,900 euros y el precio ha estado consolidando las ganancias. El precio de ETH podría seguir subiendo si hay un movimiento claro por encima del nivel de resistencia de 3,000 euros”, añadió.
Las altcoins de pequeña y mediana capitalización muestran más acción
Zala también habló que mientras Bitcoin se mantuvo predominantemente plano durante la semana pasada, algunas criptomonedas de pequeña y mediana capitalización mostraron resultados positivos. “Una de los ganadores más notables fue ApeCoin , un token vinculado al proyecto NFT de Bored Ape Yacht Club”, mencionó.
“APE experimentó un retroceso desde el nivel de 10 euros y rompió su formación de cuña en un marco temporal inferior. El precio del token rebotó un 60% en los últimos siete días, ya que los compradores volvieron a entrar en el mercado y subieron el precio desde el mínimo de la semana”, detalló el Country Manager de Bitpanda España.
Dicho esto, Zala comentó que la especulación detrás del aumento del precio es que Yuga Labs, el equipo de desarrolladores detrás de BAYC, pronto impulsará su metaverso, llamado Otherside, hacia una venta pública de tierras que podría requerir el pago en APE. “El rumor no ha sido confirmado, pero la acción de precios que siguió no es poco común para el mercado de criptomonedas, ya que este tipo de especulación suele encender rápidas subidas de precios. La capitalización de mercado de APE alcanzó los 3.800 millones de euros esta semana, lo que sitúa a APE en el puesto 33 de las monedas con mayor capitalización de mercado”, dijo.
Por su parte Zala también aprovechó para hablar sobre Synthetix Network Token (SNX), ya que también mostró fuerza, ya que el precio rebotó alrededor de un 40% desde la formación de un segundo mínimo superior en el gráfico diario. ""El impulso es alcista, con el RSI y el MACD situados en territorio positivo"", expresó.
Las principales altcoins siguieron a Bitcoin
Por último, Zala no dejo de hacer mención a las principales altcoins, las cuales incluyendo ADA, DOT, SOL, AVAX, LINK y XRP, siguieron en su mayoría la acción del precio de Bitcoin y oscilaron entre los niveles de soporte y resistencia, sin mostrar una tendencia o dirección clara. “La mayoría de los rendimientos de las altcoins estuvieron cerca de cero esta semana pasada, sin grandes ganadores o perdedores”, detalló.
“Un mercado oscilante se caracteriza por un precio que va y viene entre un precio más alto y un precio más bajo. Se denomina comúnmente mercado de rango limitado, entrecortado, lateral o plano”, explicó Zala.
“El precio más alto actúa como un nivel de resistencia importante que el precio no parece poder superar. Del mismo modo, el precio inferior actúa como un nivel de soporte importante. Un mercado oscilante termina con una clara ruptura al alza o a la baja, lo que forma una nueva tendencia. Bitcoin lidera todo el mercado de criptomonedas y la mayoría de las altcoins le siguen”, añadió.
Aclaración: Este material pretende ser un comentario sobre las condiciones económicas o de mercado y no constituye un análisis financiero ni una recomendación. El análisis aquí expuesto corresponde al Country Manager de Bitpanda en España y bajo ninguna circunstancia es una recomendación de inversión de Cointelegraph. Cualquier persona, antes de invertir, debe realizar su propia investigación y es responsable de sus propias decisiones.
Te puede interesar:
",23.04.2022
14,https://es.cointelegraph.com/news/reddit-announces-new-blockchain-backed-collectible-avatars,"Reddit anuncia nuevos ""Avatares Coleccionables"" respaldados por blockchain","08 Jul 2022
Reddit anuncia nuevos ""Avatares Coleccionables"" respaldados por blockchain
La compañía dijo que el proyecto está preparado para utilizar la blockchain de Polygon (MATIC) para el comercio descentralizado y las ventas a terceros.
137 Vistas totales
2 Número total de compartidos
Noticias
El sitio web de agregación, clasificación y debate de contenidos, Reddit, anunció el jueves un nuevo sistema de avatares respaldado por blockchain. Aunque no se ha revelado ninguna fecha oficial, la empresa sugirió que los avatares estarán disponibles para el público en general en las próximas semanas. Por ahora, Reddit está proporcionando un primer acceso a un número limitado de personas que se unen a la comunidad; r/CollectibleAvatars .
Los avatares coleccionables son un conjunto de obras de arte de edición limitada creadas por artistas independientes que también son usuarios del sitio web Reddit. Los nuevos avatares pueden comprarse con monedas locales, aunque el anuncio indica que las obras de arte se almacenan en la red Polygon (MATIC). Además, la gestión de los avatares coleccionables se lleva a cabo a través de Vault , el monedero de Reddit impulsado por la cadena de bloques que funciona con cadenas compatibles con Ethereum.
Encuesta muestra que el 55% de los inversores en criptomonedas optaron por ""holdear"" al desplomarse los precios de Bitcoin y las altcoins
Este último movimiento de Reddit tiene como objetivo potenciar a los artistas que utilizan el sitio web, tal y como se indica en el anuncio del jueves en su página web:
""Desde el principio, nuestro objetivo ha sido capacitar a los artistas para crear y vender su trabajo. Los artistas recibirán un pago por cada avatar coleccionable que se venda en Reddit, menos las comisiones, y también tendrán derecho a recibir derechos por las ventas secundarias de sus avatares coleccionables en mercados abiertos"".
La nueva colección estará disponible en los lugares donde los usuarios de Reddit suelen crear sus avatares en el sitio web. Una vez que se haya comprado un Avatar Coleccionable, se podrá utilizar como avatar en Reddit. Los compradores de los Avatares Coleccionables podrán recibir beneficios exclusivos y los creadores de dichos coleccionables recibirán un porcentaje de las futuras ventas secundarias.
Parte de anuncio del jueves decía:
""Los avatares coleccionables se almacenan actualmente en Polygon, una blockchain de propósito general y compatible con Ethereum. Elegimos Polygon por sus transacciones baratas y sus compromisos con la sostenibilidad"".
Reddit dijo que los avatares no son propiamente tokens no fungibles (NFT), y las criptomonedas no son parte del proceso de compra o venta de los mismos por el momento, pero indicó que, ""los Avatares Coleccionables respaldados por blockchain son uno de los primeros pasos que estamos tomando para probar los beneficios potenciales de este concepto en Reddit"".
Reddit también mencionó las futuras visiones de la compañía en cuanto a las características relacionadas con el concepto:
""En el futuro, vemos la cadena de bloques como una forma de aportar más poder e independencia a las comunidades en Reddit. Reddit siempre ha sido un modelo de lo que podría ser la descentralización en línea; nuestras comunidades son auto-establecidas y administradas, y como parte de nuestra misión de empoderar mejor a nuestras comunidades, estamos explorando herramientas para ayudarlas a ser aún más autosuficientes y autogobernadas"".
Esta no es la primera incursión de Reddit en el espacio de los NFT, la compañía lanzó CryptoSnoos en febrero de este año.
Cientos de propietarios de Bored Ape se apuntan a alquilar sus NFT a las marcas
En medio de la actual caída de los precios de las criptomonedas, algunas empresas están optando por construir. Otras noticias recientes de NFT incluyen un nuevo informe de DappRadar que muestra que podría haber enfrentamientos de plataformas de NFT en el futuro cercano, y la decisión de un equipo de carreras GT respaldado por Lamborghini de autenticar piezas de automóviles utilizando NFT . Mientras que los tokens basados en arte han sido muy populares en los últimos años, algunos han empezado a mirar a los derechos de autor por expirar como la próxima potencial fiebre del oro para los NFT.
Aclaración: La información y/u opiniones emitidas en este artículo no representan necesariamente los puntos de vista o la línea editorial de Cointelegraph. La información aquí expuesta no debe ser tomada como consejo financiero o recomendación de inversión. Toda inversión y movimiento comercial implican riesgos y es responsabilidad de cada persona hacer su debida investigación antes de tomar una decisión de inversión.
Sigue leyendo:
",08.07.2022
