Columna1,Enlace,Texto,Fecha
0,https://es.cointelegraph.com/news/skybridge-announces-suspension-of-withdrawals-from-of-its-one-crypto-exposed-funds," Skybridge se une a la multitud que ha congelado los fondos de los inversores en criptomonedas, aunque su responsable, Anthony Scaramucci, dice que la suspensi√≥n es una medida temporal sin temor a la liquidaci√≥n. Skybridge Capital ha suspendido los retiros de su fondo Legion Strategies, uno de los fondos de la firma con exposici√≥n a criptomonedas. El fundador Anthony Scaramucci confirm√≥ la medida el 19 de julio en una entrevista en CNBC, luego de que Bloomberg informara un d√≠a antes citando fuentes an√≥nimas.""Nuestra junta directiva tom√≥ la decisi√≥n de suspender temporalmente los retiros hasta que podamos recaudar capital dentro del fondo"", dijo Scaramucci a CNBC. ""El fondo no est√° apalancado, por lo que definitivamente no hay temor de ninguna liquidaci√≥n y alrededor del 18% del fondo est√° en lo que llamar√≠amos exposici√≥n a criptomonedas"". Una junta independiente tambi√©n tom√≥ parte en la decisi√≥n, dijo Scaramucci.‚ÄúOur board made a decision to temporarily suspend until we can raise capital inside the fund and then make sure when people get out they get out orderly,‚Äù says @scaramucci. ‚ÄúAbout 18% of the fund is in what we would call #crypto exposure.‚Äù pic.twitter.com/j5AxY871n7Scaramucci mencion√≥ a Bitcoin (BTC) y las acciones de FTX como ejemplos de la exposici√≥n a criptomonedas del fondo. Entre otras empresas relacionadas con las criptomonedas que figuran como inversiones en el sitio web de Skybridge, no vinculadas espec√≠ficamente a Legion Strategies, est√°n Kraken, NYDIG, Helium, Lightning y Genesis Digital Assets. Scaramucci dijo que el fondo Legion Strategies baj√≥ un 30% en lo que va de a√±o, pero subi√≥ un 5% en julio.Legion Strategies es un fondo offshore con sede en las Islas Caim√°n que cuenta con unos USD 250 millones, seg√∫n Scaramucci. Es uno de los fondos m√°s peque√±os gestionados por la empresa. Es la primera vez que el fondo se suspende los retiros desde su fundaci√≥n en 1994. El propio Skybridge se fund√≥ en 2005.Scaramucci dijo a CNBC:Skybridge es una de las empresas de servicios financieros que ha solicitado la cotizaci√≥n de un fondo cotizado en bolsa de Bitcoin y ha sido rechazada por la Comisi√≥n de Bolsa y Valores (SEC) de Estados Unidos.Skybridge realiz√≥ sus primeras inversiones en Bitcoin a finales de 2020 y anunci√≥ en abril que se estaba reposicionando para ""acabar siendo un gestor y asesor de activos de criptomonedas l√≠der"".Aclaraci√≥n: La informaci√≥n y/u opiniones emitidas en este art√≠culo no representan necesariamente los puntos de vista o la l√≠nea editorial de Cointelegraph. La informaci√≥n aqu√≠ expuesta no debe ser tomada como consejo financiero o recomendaci√≥n de inversi√≥n. Toda inversi√≥n y movimiento comercial implican riesgos y es responsabilidad de cada persona hacer su debida investigaci√≥n antes de tomar una decisi√≥n de inversi√≥n.Sigue leyendo:Las inversiones en criptoactivos no est√°n reguladas. Es posible que no sean apropiados para inversores minoristas y que se pierda el monto total invertido. Los servicios o productos ofrecidos no est√°n dirigidos ni son accesibles a inversores en Espa√±a.",19/07/2022
1,https://es.cointelegraph.com/news/us-justice-department-seized-500k-in-fiat-and-crypto-from-hackers-connected-to-dprk-government,"Lo sentimos, la p√°gina que busca no ha sido encontrada.Trate de comprobar errores en la URL y pulse el bot√≥n.",19/07/2022
2,https://es.cointelegraph.com/news/cardano-plutus-and-haskell-hackathon-in-utn-buenos-aires-argentina," Adem√°s habr√° entrevistas con referentes de la comunidad de Cardano de habla hispana Los d√≠as 3 y 4 de septiembre de 2022, en la Universidad Tecnol√≥gica Nacional, ubicada en Medrano (Buenos Aires - Argentina) se realizar√° un Hackat√≥n de Plutus/Haskell, lenguaje de la blockchain de Cardano para contratos inteligentes (smart contracts).As√≠ lo anunci√≥ uno de los organizadores en su cuenta de Twitter:CARDANO HACKATHON IN ARGENTINAIf you are a programmer, coder or Plutus/Haskell enthusiast, don't miss out on this fun event and great prizes of $10,000 Here is the registration form! üëáüëÄhttps://t.co/R4kEwlQqNf @LarsBrunjes @benohanlon @CardanoStiftung @IOHK_Charles @IOHKMediaEl evento tendr√° lugar durante dos d√≠as completos, que ser√°n el 3 y 4 de septiembre de 2022, de 9:00 a 18:00, en la Universidad Tecnol√≥gica Nacional, Facultad Regional Buenos Aires, en Av. Medrano 951, Buenos Aires, Argentina.Durante el evento, adem√°s de la competencia, habr√°  streaming en vivo de 3 Youtubers reconocidos la comunidad de Cardano, as√≠ como entrevistas a referentes t√©cnicos y sociales. Tambi√©n se brindar√° la posibilidad de interactuar con representantes de IOG, para realizarles consultas sobre el desarrollo de esta blockchain.Para obtener m√°s informaci√≥n y acceder al formulario de inscripci√≥n se puede ingresar a la plataforma del evento desde el enlace del tweet.Aclaraci√≥n: La informaci√≥n y/u opiniones emitidas en este art√≠culo no representan necesariamente los puntos de vista o la l√≠nea editorial de Cointelegraph. La informaci√≥n aqu√≠ expuesta no debe ser tomada como consejo financiero o recomendaci√≥n de inversi√≥n. Toda inversi√≥n y movimiento comercial implican riesgos y es responsabilidad de cada persona hacer su debida investigaci√≥n antes de tomar una decisi√≥n de inversi√≥n.Te puede interesar:Las inversiones en criptoactivos no est√°n reguladas. Es posible que no sean apropiados para inversores minoristas y que se pierda el monto total invertido. Los servicios o productos ofrecidos no est√°n dirigidos ni son accesibles a inversores en Espa√±a.",19/07/2022
3,https://es.cointelegraph.com/news/busking-on-bitcoin-how-lightning-network-outperforms-ethereum-for-tipping," Un m√∫sico callejero de la Columbia Brit√°nica recibi√≥ una lecci√≥n sobre la Lightning Network despu√©s de que un transe√∫nte se ofreciera a enviarle Bitcoin.. La banda canadiense The Carbons recibi√≥ algo m√°s que una propina durante una actuaci√≥n en directo en Kelowna, Columbia Brit√°nica. Cuando el transe√∫nte Ben de BTCSessions, un Youtuber y educador de Bitcoin (BTC), vio que la banda aceptaba Bitcoin, tuvo que enviarles algo de dinero m√°gico de Internet.Tomy (frontman de The Carbons) estaba metido en el mundo de las criptomonedas desde 2017, pero como mucha gente nueva en el mundo de las criptomonedas, pens√≥ que hab√≠a ""perdido el tren"". El precio por BTC rondaba los USD 2,500. Le dijo a Cointelegraph que comenz√≥ a investigar en serio cuando:Este fin de semana, en su actuaci√≥n en Kelowna, Tomy anunci√≥ que aceptaba criptomonedas como forma de pago. Desgraciadamente, su tel√©fono se qued√≥ sin bater√≠a en el momento en que Ben pas√≥ por all√≠, as√≠ que la pareja se conect√≥ a trav√©s de Instagram m√°s tarde. Seg√∫n las capturas de pantalla de la conversaci√≥n de Instagram, Tomy comparti√≥ una direcci√≥n de Ethereum (ETH) para recibir una donaci√≥n y convertirse en el primer criptodonante de The Carbon.Short story: saw a dude in Kelowna playing guitar with a sign asking for Bitcoin tips. His phone was dead but we linked up later online so I could tip. He offered an ETH address because he still thought bitcoin was slow/expensive.Here's our convo.1/2 pic.twitter.com/Fx2Hu1mCyxSin embargo, como Ben es un maximalista de Bitcoin, dijo que estar√≠a encantado de enviar algo de Bitcoin -no de Ethereum- a su manera. Ben dijo a Cointelegraph que, entre otras cosas, son ""las reglas fundacionales que gobiernan la red, y la facilidad (o la falta de ella) con la que se pueden cambiar"", lo que gu√≠a su convicci√≥n sobre Bitcoin.Ben le indic√≥ a Tomy que se descargara un monedero de Bitcoin Lightning, y momentos despu√©s, estaban envi√°ndose Bitcoin al instante a trav√©s de la Lightning Network (LN). Los costes de las transacciones son casi gratuitos en la LN, y las microtransacciones son f√°ciles, lo que provoc√≥ la respuesta de Tomy: ""es jodidamente incre√≠ble"". En comparaci√≥n, enviar dinero a trav√©s de Ethereum -incluso a sus niveles m√°s bajos en dos a√±os- cuesta bastante m√°s de 1 d√≥lar.Tomy dijo a Cointelegraph que era su primera experiencia usando el LN, y que le llev√≥ ""una hora de investigaci√≥n en YouTube para decidirse por un monedero y luego otros minutos para averiguar c√≥mo usarlo.""Los Carbon han recibido desde entonces tres donaciones de BTC, a√±adiendo que ""todos los consejos ayudan"", pero probablemente no ha movido la aguja de sus ingresos de Spotify todav√≠a. El experto en Bitcoin Ben le dijo a Cointelegraph que ha estado usando la Lightning Network desde 2018, cuando era ""torpe y dif√≠cil, pero funcionaba."" LN se ha convertido desde entonces en una parte de su rutina diaria:Sin duda, LN es bien conocida por la comunidad de Bitcoin y ha extendido sus ra√≠ces por todo el mundo. Desde el pago de la comida en el Reino Unido hasta el de las tarjetas SIM en Mozambique, pasando por el pago de fiestas en Portland (Estados Unidos), ha ganado adeptos.Sin embargo, el conocimiento de la LN es escaso entre la comunidad cripto y la comunidad en general. Ben explica por qu√© puede ser as√≠:Ben anima a los usuarios a probar la LN, que compara con la ""magia"". Durante la conversaci√≥n en IG con Tomy, recomienda utilizar Muun Wallet, un monedero gratuito de autocustodia para Android e iOS:Just a little throwback here. I continue to really love @MuunWallet and its seamless singular balance, enabling to you send to on-chain and lightning without any additional hassles. Kudos.MUUN BITCOIN WALLET - On Chain and Lightning Combined! https://t.co/jUSLhuj6IBS√≥lo un poco de retroceso aqu√≠. Me sigue encantando @MuunWallet y su equilibrio singular sin fisuras, lo que le permite enviar a on-chain y el litghning sin ning√∫n tipo de molestias adicionales. Kudos.MUUN BITCOIN WALLET - ¬°En cadena y en rel√°mpago combinados!En cuanto a Tomy, dijo a Cointelegraph que ahora est√° considerando seriamente vender todas sus altcoins por Bitcoin. Luego brome√≥ en Twitter con que podr√≠a cambiar el nombre de la banda a ""The Bitcoin Buskers"".En una nota sentida, y a la luz del desastroso impacto que la pandemia de Covid-19 ha tenido en las artes esc√©nicas, Tomy dijo a Cointelegraph: ""Han sido un par de a√±os dif√≠ciles para los m√∫sicos"", a√±adiendo que el apoyo y la comunidad son muy apreciados.Las inversiones en criptoactivos no est√°n reguladas. Es posible que no sean apropiados para inversores minoristas y que se pierda el monto total invertido. Los servicios o productos ofrecidos no est√°n dirigidos ni son accesibles a inversores en Espa√±a.",19/07/2022
4,https://es.cointelegraph.com/news/female-athlete-luana-pinheiro-starts-getting-paid-in-bitcoin-with-bitwage-support," 'No me importa la volatilidad, recibir salarios en Bitcoin es importante para mi futuro', declara la luchadora Luana Pinheiro Una luchadora de √©lite de UFC recibir√° su salario en bitcoin. Esto ocurrir√° debido a una asociaci√≥n entre la luchadora brasile√±a Luana Pinheiro y el intercambio Bitwage. Cintur√≥n negro de judo y parte de una familia llena de luchadores cinturones negros, Pinheiro ha estado inmersa en las artes marciales desde los dos a√±os.‚ÄúMMA es un deporte brutal y no hay tiempo para pensarlo demasiado. La fuerza mental y los callos de la mente lo son todo. No creo que tenga ning√∫n problema con la ca√≠da o la subida de Bitcoin‚Äù, dice Pinheiro. ‚ÄúSi no fuera vol√°til, tampoco subir√≠a. Pi√©nselo: toma un promedio de 10 a 15 a√±os para que una persona obtenga un cintur√≥n negro en Brasil en Jiu Jitsu, por lo que mi preferencia de tiempo aqu√≠ es el mismo tiempo, si no m√°s. Todo lo dem√°s es solo ruido para m√≠ y cuanto m√°s bajo sea el precio, m√°s bitcoin puedo asegurar para el futuro‚Äù.Pinheiro explica que la gente piensa que para que alguien use un servicio de recepci√≥n de Bitcoin, como el de Bitwage, necesita un tipo de integraci√≥n: su empleador debe estar involucrado, su departamento de recursos humanos o algo m√°s, sin embargo esto no es del todo cierto.Quien tambi√©n se cambia a Bitwage para recibir salarios en Bitcoin es el novio de Luana, el peso mosca No. 7 en el ranking Matheus Nicolau (r√©cord 18-2). Ambos tienen aspiraciones al t√≠tulo de UFC y esperan ganar bitcoin por sus peleas a medida que ascienden en la clasificaci√≥n a la cima.‚ÄúLa oportunidad no pierde el tiempo con aquellos que no est√°n preparados‚Äù. dijo Matheus Nicolau.‚ÄúMejoras lo m√°s posible en todos los aspectos, y cuando llega la oportunidad, est√°s listo. Tanto en la vida como en el deporte. Que Luana se una a m√≠ para ingresar al patr√≥n de Bitcoin me hace muy feliz y estoy m√°s que seguro de que los pasos audaces y valientes que se han dado hoy ser√°n una gran victoria en el futuro para ambos. Nos levantamos y hacemos cosas juntos, unidos y en total sincron√≠a, porque as√≠ somos, nunca arriba, nunca abajo, sino siempre uno al lado del otro‚ÄùLuana revel√≥ que Nicolau fue el primer miembro de la pareja que cambi√≥ al 'est√°ndar Bitcoin' y que esto fue lo que la motiv√≥ a optar por la criptomoneda.‚ÄúCuando Matheus hizo el cambio a Bitcoin hace unos meses, conoc√≠ al equipo de Bitwage. Volaron a R√≠o y brindaron el servicio de conserjer√≠a cara a cara a Matheus. Me impresion√≥ su enfoque y la cantidad de conocimiento e informaci√≥n que reun√≠ fue alucinante. Entonces todo encaj√≥ y lleg√≥ el momento adecuado. Solo puede perder lo que pone en √©l, pero ¬øqu√© pasa con la otra cara cuando Bitcoin sube 100X? Sab√≠a lo que ten√≠a que hacer y que cuanto antes plantara el √°rbol, antes crecer√≠a. Fue simplemente una evoluci√≥n natural de las cosas. No hacerlo era un riesgo que no estaba dispuesto a correr. El que se atreve gana, tanto dentro como fuera del oct√°gono. Y no olvides que soy de Brasil, as√≠ que s√© un par de cosas sobre la inflaci√≥n y sus efectos. Nac√≠ alrededor de 1994, en la √©poca en que se introdujo la moneda brasile√±a Real y se fij√≥ 1:1 al d√≥lar estadounidense en ese momento. Ahora son 5 BRL por 1 USD‚Äù, dijo Luana.As√≠ es como funciona: cualquier persona en el mundo puede registrarse en Bitwage para recibir un n√∫mero de cuenta bancaria. Luego elige qu√© porcentaje desea recibir en Bitcoin y le proporciona a su empleador el nuevo n√∫mero de cuenta. Tan pronto como env√≠en el cheque de pago, recibir√° bitcoin en la direcci√≥n que controle. Si no ha asignado el 100% para recibir en Bitcoin, recibir√° el resto del dinero en su cuenta bancaria habitual. As√≠ es exactamente como Luana y Matheus est√°n recibiendo sus pagos de UFC a partir de ahora. Bitwage tambi√©n tiene servicios para empresas que quieran ofrecer el beneficio directamente.‚ÄúLa informaci√≥n adecuada en el momento adecuado lo es todo. Tener conocimiento y no actuar sobre √©l no es la raz√≥n por la que adquirimos conocimiento en primer lugar. Entendemos para poder actuar‚Äù. dijo Chester, CEO y fundador de Bitwage. ‚ÄúNuestro objetivo es ayudar a cada individuo en su viaje. A trav√©s de la educaci√≥n, cada individuo puede elegir c√≥mo quiere que le paguen, ya sea a su billetera autocontrolada o a su cuenta bancaria. Entonces, al final del d√≠a, no necesitan a nadie y son verdaderamente independientes. Nuestro enfoque implacable hacia los detalles est√° disponible para cualquiera que se suscriba a nuestro servicio. Tener la primera pareja de atletas del mundo en el deporte m√°s brutal, que reciban pagos en bitcoin usando nuestro servicio es un vistazo de lo que depara el futuro‚Äù.Adem√°s de Matheus Nicola y Luana, se suma al pago en bitcoin el futbolista profesional Alex Barrett. Los futbolistas profesionales Achara Ifunanyachi y Alex Crognale hicieron movimientos similares en 2021.Aclaraci√≥n: La informaci√≥n y/u opiniones emitidas en este art√≠culo no representan necesariamente los puntos de vista o la l√≠nea editorial de Cointelegraph. La informaci√≥n aqu√≠ expuesta no debe ser tomada como consejo financiero o recomendaci√≥n de inversi√≥n. Toda inversi√≥n y movimiento comercial implican riesgos y es responsabilidad de cada persona hacer su debida investigaci√≥n antes de tomar una decisi√≥n de inversi√≥n.Te puede interesar:Las inversiones en criptoactivos no est√°n reguladas. Es posible que no sean apropiados para inversores minoristas y que se pierda el monto total invertido. Los servicios o productos ofrecidos no est√°n dirigidos ni son accesibles a inversores en Espa√±a.",19/07/2022
5,https://es.cointelegraph.com/news/crypto-market-update-cryptos-fall-nfts-rise," En su √∫ltimo informe, Bitfinex pone a las criptos en un jaque entre mercado bajista y crisis econ√≥mica en EE.UU. La plataforma Bitfinex lanz√≥ la √∫ltima edici√≥n de Bitfinex Alpha, un informe que da cuenta del estado actual del mercado de criptomonedas. ‚ÄúEn el frente criptogr√°fico, estamos viendo que a pesar del pesimismo, la creatividad y la energ√≠a del mercado cripto no han disminuido‚Äù, comienza el informe que luego sienta posici√≥n sobre la inflaci√≥n en EE.UU. donde afirman que a partir del dato de inflaci√≥n al consumidor, la recesi√≥n ‚Äúya no se trata de si entraremos o no, sino de qu√© tan profunda y qu√© tan amplia ser√°‚Äù. Desde Bitfinex afirman que a pesar de que los usuarios ‚Äúse han enfrentado a liquidaciones forzadas y permanecen fuertemente sumergidos en posiciones de p√©rdidas no realizadas‚Äù el mercado de criptomonedas ‚Äútodav√≠a ofrece importantes oportunidades de inversi√≥n‚Äù. Uno de los datos m√°s curiosos en este sentido el de los NFT. ‚ÄúM√°s de 10,000 billeteras nuevas est√°n comprando su primer NFT todos los d√≠as en Ethereum, y esta cadena de bloques est√° cerca de un m√°ximo hist√≥rico para los proyectos de NFT con m√°s de 10 ventas por semana‚Äù, afirmaron desde Bitfinex.El informe de Bitfinex tambi√©n hizo hincapi√© en la posici√≥n de los mineros durante esta ca√≠da. Para el informe, los mineros se han comportado de manera pro c√≠clica. ‚ÄúAcumulan Bitcoin durante un mercado alcista y compran m√°s equipos de miner√≠a. Sin embargo, hay un retraso entre su fecha de compra y el momento en que se encienden, por diversas razones como el retraso en la entrega y los costes de escalado de las instalaciones. Como resultado, hist√≥ricamente, el pico de la tasa de hash ha seguido al pico del precio de bitcoin‚Äù, explicaron desde Bitfinex.El informe alerta que ante la incursi√≥n de nuevos equipos de miner√≠a y el precio de bitcoin a la baja, los m√°rgenes de los mineros se reducen. ‚ÄúEste efecto se est√° produciendo ahora mismo, ya que las m√°quinas han seguido incorpor√°ndose a un ritmo agresivo hasta principios de 2022, pero el precio al contado del bitcoin ha descendido aproximadamente un 70%‚Äù, explicaron desde Bitfinex. Por otro lado, el informe habla de una variable m√°s en la reducci√≥n de los m√°rgenes de los mineros, que es el aumento de los costes de energ√≠a debido a los problemas de la cadena de suministro a finales de 2021 y el primer trimestre de 2022.Desde el punto de vista financiero, el an√°lisis de Bitfinex analiz√≥ los datos on-chains de las billeteras. A partir de estos datos, concluy√≥ que los tenedores a largo plazo tienen una p√©rdida del 32% actualmente. Como punto de comparaci√≥n, Bitfinex explica que en 2018 las p√©rdidas de los holders fueron menores. ‚ÄúCuando el mercado de criptomonedas capitula, los activos se transfieren a los nuevos compradores o a los tenedores a corto plazo. Sin embargo, habr√° un aumento gradual de los hodlers a largo plazo a medida que los compradores minoristas sean expulsados del mercado. Como se mencion√≥ anteriormente, la formaci√≥n de un fondo se caracteriza por la transferencia de activos de los titulares de baja convicci√≥n a los de alta convicci√≥n‚Äù, expresaron desde Bitfinex.El informe de Bitfinex explica que los flujos de capital inversor tambi√©n retrocedieron. ‚ÄúLa cantidad de capital de riesgo invertido en la industria blockchain cay√≥ casi un 22%, de USD 12,500 millones a USD 9,800 millones trimestre contra trimestre. La inversi√≥n en el sector aument√≥ durante siete trimestres consecutivos antes de esta ca√≠da‚Äù, explic√≥ el informe. En este sentido, el reporte expl√≠cit√≥ que el sector DeFi fue el que m√°s sufri√≥ la ca√≠da. Para Bitfinex, ‚Äúdesde mediados de junio, el mercado de criptomonedas entr√≥ formalmente en una segunda fase del mercado bajista, caracterizada por la insolvencia y la liquidaci√≥n institucional‚Äù.Bitfinex concluye el informe con una sombr√≠a afirmaci√≥n: ‚ÄúEl mercado ha recibido un segundo golpe en los precios de los activos como consecuencia de la liquidaci√≥n y subasta de activos institucionales, la ola de desinversiones provocada por la p√©rdida de confianza de los inversores y el colapso de las instituciones‚Äù.Aclaraci√≥n: La informaci√≥n y/u opiniones emitidas en este art√≠culo no representan necesariamente los puntos de vista o la l√≠nea editorial de Cointelegraph. La informaci√≥n aqu√≠ expuesta no debe ser tomada como consejo financiero o recomendaci√≥n de inversi√≥n. Toda inversi√≥n y movimiento comercial implican riesgos y es responsabilidad de cada persona hacer su debida investigaci√≥n antes de tomar una decisi√≥n de inversi√≥n.Te puede interesar:Las inversiones en criptoactivos no est√°n reguladas. Es posible que no sean apropiados para inversores minoristas y que se pierda el monto total invertido. Los servicios o productos ofrecidos no est√°n dirigidos ni son accesibles a inversores en Espa√±a.",19/07/2022
6,https://es.cointelegraph.com/news/bitcoin-is-for-billions-fedimint-on-scaling-btc-in-the-global-south," Fedimint, un protocolo de custodia comunitaria, quiere ampliar la red Bitcoin a mil millones de usuarios situados en el sur del mundo. ""Bitcoin es para miles de millones, no para multimillonarios"", una frase acu√±ada por primera vez por el investigador de inversiones Lyn Alden, podr√≠a convertirse pronto en una realidad, seg√∫n Fedimint.¬†El protocolo, que pretende escalar bitcoin (BTC) al tiempo que lo hace m√°s privado, se ha visto impulsado por una ronda de semillas de USD 4.2 millones para la aplicaci√≥n Fedi.Cointelegraph habl√≥ con Obi Nwosu, cofundador y CEO de Fedi, sobre el ""incre√≠ble grupo de personas inspiradoras con las que estamos trabajando para apoyar sus actividades para aumentar las libertades de algunas de las regiones m√°s oprimidas del mundo"", y sobre por qu√© la aplicaci√≥n m√≥vil Fedi podr√≠a resolver problemas relacionados con el escalado, la custodia y la privacidad.Lyudmyla Kozlovska, directora de la Fundaci√≥n Di√°logo Abierto -que se centra en el apoyo a la poblaci√≥n de la Europa postsovi√©tica-, Farida Bemba Nabourema, activista togolesa de los derechos humanos, y Fadi Elsalameen, presidente del Proyecto de Seguridad Palestina y miembro del Instituto de Pol√≠tica Exterior de la Escuela de Estudios Internacionales Avanzados de la Universidad Johns Hopkins, apoyan el desarrollo de la aplicaci√≥n Fedi y su impacto en el sur global y las econom√≠as emergentes.En resumen, la aplicaci√≥n de monedero Fedi conecta a los usuarios con las ""federaciones"" de Fedimint. ¬†El protocolo de Fedimint (que toma su nombre de ""federado"" y ""menta"") utiliza tecnolog√≠a de firma m√∫ltiple (multisig) y miembros de la comunidad de confianza llamados ""guardianes"".¬†Nwosu le dijo a Cointelegraph que Fedi espera tener el mayor impacto en aquellos ubicados en el sur global, y que la firma est√° ""en una posici√≥n √∫nica para ayudar, que es la raz√≥n por la que pondremos especial atenci√≥n en el despliegue en estas comunidades.""Farida Nabourema, una activista togolesa de los derechos humanos, le explic√≥ a Cointelegraph que en ""partes pobres del mundo"", adquirir un monedero de hardware es casi imposible. Los distribuidores de monederos de hardware, como Ledger, ColdCard y Trezor, no est√°n presentes en el continente africano, a pesar de que ""√Åfrica tiene la tasa de adopci√≥n de m√°s r√°pido crecimiento y Togo, por ejemplo, fue incluido entre los 10 pa√≠ses que tienen la adopci√≥n m√°s r√°pida per c√°pita seg√∫n el informe 2021 de Chainalysis"".La aplicaci√≥n Fedi puede contribuir a resolver estos problemas, permitiendo una mayor exposici√≥n a bitcoin en √Åfrica, continu√≥ Nabourema:Nabourema detalla que el ""m√©todo de monedero federado‚Äù se inspira en los m√©todos de ahorro tradicionales utilizados en √Åfrica y en los mercados emergentes del Caribe y Am√©rica Latina. Conocidas como ""tontine"" en el √Åfrica occidental franc√≥fona, ""sousou"" en Nigeria o ""zu-zu"" en Trinidad y Tobago, estas herramientas de ahorro comunitario ayudan a miles de personas a planificar su futuro. Es una de las tecnolog√≠as de ahorro entre iguales m√°s antiguas:Fedimint utiliza este enfoque de financiaci√≥n respaldado por la comunidad, pero utiliza una moneda descentralizada e inmutable, es decir, bitcoin. ""Adem√°s, Fedimint a√±ade una capa adicional de seguridad y, lo que es m√°s importante, de privacidad, ya que los custodios pueden mantener la cantidad que poseen totalmente privada de los dem√°s"", destaca Nabourema.Nabourema, fundador de Bitcoin Senegal -una campa√±a de adopci√≥n de bitcoin de base situada en la populosa ciudad de Dakar, en √Åfrica Occidental-, le dijo a Cointelegraph que el enfoque de Fedimint, respaldado por la comunidad, es un reflejo de c√≥mo ciertos entusiastas de bitcoin dirigen los nodos.Sin embargo, la forma en que los grupos de miembros de confianza de la comunidad, llamados ""guardianes"", interact√∫an con bitcoin utilizando Fedi, sigue siendo poco clara en esta etapa y podr√≠a plantear riesgos, explic√≥:Nwosu explic√≥ que ""Fedimint es un protocolo de custodia federado que complementa el protocolo monetario de bitcoin y el protocolo de pagos Lightning para proporcionar una soluci√≥n completa para hacer holding de, usar y asegurar bitcoin a escala global"". La custodia comunitaria es un desarrollo totalmente nuevo en el protocolo de bitcoin, mientras que el multisig, (en el que se requieren dos o m√°s firmantes para mover bitcoin), existe desde hace casi una d√©cada.¬†Aunque √Åfrica es un claro candidato para el escalado de Bitcoin y los avances de la custodia comunitaria, Nwosu le dijo a Cointelegraph que Leopoldo L√≥pez, el l√≠der de la oposici√≥n venezolana que cofund√≥ el partido pol√≠tico Primero Justicia en el a√±o 2000, tambi√©n ha mostrado inter√©s. Al parecer, la soluci√≥n que plantea Fedi podr√≠a ""satisfacer las necesidades de la gente en Am√©rica Latina a escala"".Nabourema concluy√≥ que Fedimint ser√° ""un salvavidas para millones de ciudadanos que viven en mundos en desarrollo y, sobre todo, para aquellos que se enfrentan a un autoritarismo brutal a manos de su gobierno, que tiende a controlar su dinero y c√≥mo lo utilizan"".Aclaraci√≥n: La informaci√≥n y/u opiniones emitidas en este art√≠culo no representan necesariamente los puntos de vista o la l√≠nea editorial de Cointelegraph. La informaci√≥n aqu√≠ expuesta no debe ser tomada como consejo financiero o recomendaci√≥n de inversi√≥n. Toda inversi√≥n y movimiento comercial implican riesgos y es responsabilidad de cada persona hacer su debida investigaci√≥n antes de tomar una decisi√≥n de inversi√≥nSigue leyendo:Las inversiones en criptoactivos no est√°n reguladas. Es posible que no sean apropiados para inversores minoristas y que se pierda el monto total invertido. Los servicios o productos ofrecidos no est√°n dirigidos ni son accesibles a inversores en Espa√±a.",19/07/2022
7,https://es.cointelegraph.com/news/100x-bitcoin-energy-use-would-mean-absurd-20m-btc-price-developer," 1 BTC tendr√≠a que costar USD 20 millones para utilizar 100 veces su demanda energ√©tica actual. Un nuevo participante en el debate sobre la energ√≠a de bitcoin (BTC) afirma que 1 BTC tendr√≠a que costar USD 20 millones para utilizar 100 veces su demanda energ√©tica actual.En un debate en Twitter el 18 de julio, Sjors Provoost, desarrollador de bitcoin y autor de ""Bitcoin: A Work in Progress"", puso en duda el futuro uso de energ√≠a de la mayor criptomoneda.La cantidad de energ√≠a que utiliza bitcoin para sobrevivir se ha convertido en un tema controversial¬†que ha ido desde dentro de la industria hasta el gobierno mundial.A lo largo del proceso, los defensores de bitcoin se han quejado de que una combinaci√≥n de prejuicios y falta de comprensi√≥n de los principios de la red est√°n llevando a los gobernantes a sacar conclusiones incorrectas sobre c√≥mo y por qu√© bitcoin utiliza la energ√≠a que utiliza.Mientras los cr√≠ticos argumentan que bitcoin debe reducir su consumo de energ√≠a, otros explican que, de hecho, bitcoin utiliza energ√≠a que, de otro modo, se desperdiciar√≠a o ser√≠a inaccesible.Discutiendo el statu quo, el tambi√©n desarrollador Matt Odell public√≥ un gr√°fico que muestra que la miner√≠a de bitcoin actualmente solo utiliza el 0.49% de la electricidad desperdiciada en el mundo, y el 0.16% de la electricidad en general.En respuesta, Provoost calcul√≥ que para que el uso de energ√≠a aumente proporcionalmente con los cambios preprogramados de la red Bitcoin, esta tendr√≠a que convertirse en una entidad ""absurda"" de USD 420 billones.""En 10 a√±os la subvenci√≥n por bloques ser√° ~10 veces menor (3 mitades). Para obtener 100 veces el uso de energ√≠a de hoy, bitcoin tendr√≠a que cotizar a USD 20 millones para entonces (m√°s el ajuste de la inflaci√≥n del costo de la energ√≠a)"", escribi√≥.Los ciclos de halving de Bitcoin significan que el subsidio por bloque -la cantidad de BTC ""nuevo"" que se a√±ade a la oferta por bloque minado- se reduce a la mitad aproximadamente cada cuatro a√±os. Cada vez, el ecosistema de miner√≠a compite por menos BTC, y gracias al algoritmo de miner√≠a Proof-of-Work (PoW) de Bitcoin, sigue incentivado a hacerlo, dedicando m√°s hardware a sus esfuerzos.M√°s hardware significa m√°s energ√≠a, pero al mismo tiempo, la menor recompensa, el hardware m√°s eficiente y el mayor impacto de las tasas de transacci√≥n en los ingresos de los mineros deber√≠an mantener el uso de energ√≠a bajo control, dice Sjors.""Otros 12 a√±os despu√©s e incluso si bitcoin vale m√°s que todos los bienes inmuebles del mundo, la subvenci√≥n a la miner√≠a no ser√≠a suficiente para que bitcoin utilizara m√°s del 1% de la energ√≠a mundial"", contin√∫a, se√±alando que sus c√°lculos no han sido verificados.Como sigue informando Cointelegraph, los mineros de bitcoin se enfrentan a tiempos dif√≠ciles en la actualidad gracias a que el precio de BTC ha ca√≠do a niveles que hacen que toda la pr√°ctica de la miner√≠a no sea rentable para algunos.Esto se puso de manifiesto en los √∫ltimos d√≠as, cuando m√°s de 14,000 BTC abandonaron los monederos de los mineros, una se√±al de que estos estaban optando por vender fondos para mantenerse a flote.Estos eventos de ""capitulaci√≥n"" entre la comunidad minera han acompa√±ado tradicionalmente a los fondos macro de precios.Frente a su m√°s reciente m√°ximo hist√≥rico en noviembre de 2021, el par BTC/USD ha perdido hasta un 74.5%.El M√∫ltiplo Puell, una m√©trica que compara el valor de BTC reci√©n emitido en relaci√≥n con la media m√≥vil de 365 d√≠as, actualmente se encuentra cerca de los m√≠nimos hist√≥ricos.Los puntos de vista y las opiniones expresadas aqu√≠ son √∫nicamente las del autor y no reflejan necesariamente las opiniones de Cointelegraph.com. Cada inversi√≥n y movimiento de comercio implica un riesgo, por lo que usted debe llevar a cabo su propia investigaci√≥n al tomar una decisi√≥n.Aclaraci√≥n: La informaci√≥n y/u opiniones emitidas en este art√≠culo no representan necesariamente los puntos de vista o la l√≠nea editorial de Cointelegraph. La informaci√≥n aqu√≠ expuesta no debe ser tomada como consejo financiero o recomendaci√≥n de inversi√≥n. Toda inversi√≥n y movimiento comercial implican riesgos y es responsabilidad de cada persona hacer su debida investigaci√≥n antes de tomar una decisi√≥n de inversi√≥nSigue leyendo:Las inversiones en criptoactivos no est√°n reguladas. Es posible que no sean apropiados para inversores minoristas y que se pierda el monto total invertido. Los servicios o productos ofrecidos no est√°n dirigidos ni son accesibles a inversores en Espa√±a.",19/07/2022
8,https://es.cointelegraph.com/news/data-points-to-a-bitcoin-bottom-but-one-metric-warns-of-a-final-drop-to-14k," El mercado bajista est√° lejos de terminar, pero seg√∫n Glassnode, varias m√©tricas sugieren que la capitulaci√≥n de Bitcoin ya se ha producido. ""¬øCu√°ndo terminar√°?"" es la pregunta que ronda por la mente de los inversores que han soportado el actual invierno¬†cripto y han sido testigos de la desaparici√≥n de m√∫ltiples protocolos y fondos de inversi√≥n en los √∫ltimos meses.Esta semana, Bitcoin (BTC) se encuentra una vez m√°s tocando la resistencia en su media m√≥vil de 200 semanas y el verdadero desaf√≠o es si puede empujar m√°s alto en la cara de m√∫ltiples vientos en contra o si el precio tender√° a la baja de nuevo en el rango que ha estado atrapado desde principios de junio.Seg√∫n el bolet√≠n m√°s reciente de la empresa de inteligencia de mercado on-chain Glassnode, la ""duraci√≥n"" es la principal diferencia entre el actual mercado bajista y los ciclos anteriores, y muchas m√©tricas on-chain¬†son ahora comparables a estas ca√≠das hist√≥ricas.Una m√©trica que ha demostrado ser un indicador fiable de los m√≠nimos del mercado bajista es el precio realizado, que es el valor de todos los Bitcoin al precio que se compraron dividido por el n√∫mero de BTC en circulaci√≥n.Como se muestra en el gr√°fico anterior, con la excepci√≥n del ¬†acelerado desplome¬†de marzo de 2020, Bitcoin ha cotizado por debajo de su precio realizado durante un largo periodo de tiempo durante los mercados bajistas.Glassnode dijo:Esto sugerir√≠a que los llamamientos actuales para el fin del invierno cripto son prematuros porque los datos hist√≥ricos sugieren que el mercado todav√≠a tiene varios meses de acci√≥n de precios planos¬†antes de la pr√≥xima tendencia alcista importante.Cuando se trata de lo que los traders deber√≠an estar atentos para significar el fin del invierno, Glassnode destac√≥ el precio Delta y el precio de Balance como ""modelos de precios on-chain¬†que tienden a atraer los precios al contado durante las etapas bajistas tard√≠as"".Como se muestra en el gr√°fico anterior, los anteriores m√≠nimos del mercado bajista se establecieron despu√©s de una ""mecha a corto plazo hasta el precio Delta"", que se destaca en verde. Un movimiento similar en el mercado actual sugerir√≠a un m√≠nimo de BTC cerca de USD 14,215.Estos periodos bajistas tambi√©n vieron al precio de BTC operar en un rango de acumulaci√≥n ""entre el precio equilibrado (rango bajo) y el precio realizado (rango alto)"", que es donde el precio se encuentra actualmente.Una de las se√±ales cl√°sicas de que un mercado bajista est√° llegando a su fin ha sido un evento de capitulaci√≥n importante que agot√≥ a los √∫ltimos vendedores restantes.Mientras que algunos todav√≠a debaten si esto ha ocurrido o no, Glassnode destac√≥ la actividad en la cadena durante la ca√≠da de junio a USD 17,600¬†como una posible se√±al de que la capitulaci√≥n ha tenido lugar.En el momento en que BTC cay√≥ a USD¬†17,600, hab√≠a un volumen total de 9.216 millones de BTC con p√©rdidas no realizadas. Tras el evento de capitulaci√≥n del 18 de junio, un mes de consolidaci√≥n y un repunte del precio hasta los USD 21,200, este volumen se ha reducido a 7.68 millones de BTC.Glassnode dijo:Otra prueba de que la capitulaci√≥n ya ha tenido lugar fue el ""asombroso volumen de BTC"" que encerr√≥ una p√©rdida realizada entre mayo y julio.El colapso de Terra desencaden√≥ una p√©rdida total realizada de USD 27,770 millones,¬†mientras que el desplome del 18 de junio por debajo del m√°ximo hist√≥rico del ciclo de 2017 result√≥ en una p√©rdida total realizada de USD 35,500 millones.Una √∫ltima m√©trica que sugiere que la capitulaci√≥n ya se ha producido es el Ratio de Beneficio de Salida Ajustado (aSPOR), que compara el valor de las salidas en el momento en que se gastan con el momento en que se crean.Seg√∫n Glassnode, cuando la rentabilidad es decreciente (como se representa en las flechas azules), los inversores se est√°n dando cuenta de grandes p√©rdidas que finalmente conducen a ""un momento final de cascada de capitulaci√≥n"", que se destaca en rojo.Seg√∫n Glassnode:Para comprobar que la capitulaci√≥n se ha producido realmente y que la acumulaci√≥n est√° en marcha, Glassnode indic√≥ que lo ideal ser√≠a que el valor aSOPR volviera a recuperarse por encima de 1.0.Los puntos de vista y opiniones expresados aqu√≠ son √∫nicamente los del autor y no reflejan necesariamente los puntos de vista de Cointelegraph.com. Cada inversi√≥n y movimiento comercial implica un riesgo, debe realizar su propia investigaci√≥n al tomar una decisi√≥n.Las inversiones en criptoactivos no est√°n reguladas. Es posible que no sean apropiados para inversores minoristas y que se pierda el monto total invertido. Los servicios o productos ofrecidos no est√°n dirigidos ni son accesibles a inversores en Espa√±a.",18/07/2022
9,https://es.cointelegraph.com/news/strict-thai-crypto-regulation-causes-scb-to-delay-bitkub-acquisition," El banco m√°s antiguo de Tailandia no puede adquirir el mayor criptoexchange local del pa√≠s debido a las estrictas regulaciones. El banco m√°s antiguo de Tailandia no puede adquirir el mayor criptoexchange local del pa√≠s debido a las estrictas regulaciones de las criptomonedas.Como inform√≥ Cointelegraph en noviembre de 2021, SCB X Group, una subsidiaria del Siam Commercial Bank (SCB), iba a adquirir una participaci√≥n del 51% en Bitkub para el segundo trimestre de 2022 como parte de un plan para convertirse en una fintech regional. Ahora las cosas parecen haber dado un giro, ya que el banco ha pospuesto indefinidamente sus planes de adquirir el popular exchange.Como el comercio de criptomonedas sigue obstaculizado por la regulaci√≥n, SCB X ha decidido indefinidamente no seguir adelante con la oferta de USD 487 millones por una participaci√≥n del 51% en Bitkub, la principal plataforma de criptoexchange de Tailandia.Seg√∫n¬†un informe de Nikkei Asia el jueves, la empresa matriz de SCB, SCB X, inform√≥ a la Bolsa de Tailandia (SET) que la adquisici√≥n ""todav√≠a est√° en proceso de diligencia debida."" Un alto funcionario de SCB X le dijo al medio que el equipo no sabe cu√°ndo se sellar√° el acuerdo.La noticia de la reprogramaci√≥n se dio a conocer a principios de este mes, cuando SCB X present√≥ una carta a la SET explicando la situaci√≥n actual. En un comunicado, el CEO de SCB X, Arthid Nanthawithaya, dijo:Tailandia est√° considerado como uno de los pa√≠ses asi√°ticos m√°s progresistas en materia de criptomonedas, con exenciones fiscales para los traders y un mercado regulado para los criptoexchanges. Sin embargo, muchos criptoexchanges, incluyendo Binance y Huobi, han luchado previamente con las directrices de las restricciones regulatorias en el pa√≠s.A principios de este a√±o, el Banco de Tailandia y la Comisi√≥n de Valores y Bolsa (SEC) anunciaron recientemente regulaciones m√°s estrictas para las criptomonedas y limitaciones de uso para asegurar que las criptomonedas solo puedan ser negociadas como activos en plataformas con licencia. La noticia lleg√≥ cuando los precios de las criptomonedas a nivel mundial se desplomaron y da√±aron a√∫n m√°s el optimismo de las operaciones con criptomonedas, truncando las aspiraciones de Bitkub de aumentar su base de clientes.El 2 de julio, la SEC impuso sanciones civiles al presidente de Bitkub Capital Group Holdings, Sakolkorn Sakavee, por maquillar los datos del volumen de operaciones. Se le impuso una multa de USD 216,000 (8 millones de baht) y se le prohibi√≥ desempe√±ar funciones directivas en la empresa durante un a√±o.Aclaraci√≥n: La informaci√≥n y/u opiniones emitidas en este art√≠culo no representan necesariamente los puntos de vista o la l√≠nea editorial de Cointelegraph. La informaci√≥n aqu√≠ expuesta no debe ser tomada como consejo financiero o recomendaci√≥n de inversi√≥n. Toda inversi√≥n y movimiento comercial implican riesgos y es responsabilidad de cada persona hacer su debida investigaci√≥n antes de tomar una decisi√≥n de inversi√≥nSigue leyendo:Las inversiones en criptoactivos no est√°n reguladas. Es posible que no sean apropiados para inversores minoristas y que se pierda el monto total invertido. Los servicios o productos ofrecidos no est√°n dirigidos ni son accesibles a inversores en Espa√±a.",21/07/2022
10,https://es.cointelegraph.com/news/australian-regulator-trials-auto-take-down-of-crypto-scam-sites," La ACCC est√° utilizando un servicio de contramedidas de la empresa brit√°nica Netcraft, que ha prestado un servicio similar al Centro Nacional de Ciberseguridad del Reino Unido. Los especialistas en ciberseguridad han acogido con satisfacci√≥n un nuevo ensayo de la Comisi√≥n Australiana de la Competencia y el Consumidor (ACCC) para retirar autom√°ticamente los sitios web de estafas. En el ensayo se han eliminado decenas de sitios de estafa, incluidos de criptomonedas, despu√©s de que se denunciaran m√°s de 300.La ACCC inform√≥ que los australianos hab√≠an perdido USD 113 millones en estafas con criptomonedas¬†el a√±o pasado. El nuevo ensayo se llevar√° a cabo en colaboraci√≥n con la Comisi√≥n Australiana de Valores e Inversiones (ASIC) y se centrar√° en la eliminaci√≥n eficaz de los sitios web de estafa una vez que hayan sido denunciados a los reguladores australianos para proteger a los posibles inversores de ser v√≠ctimas de fraudes de criptomonedas.La ACCC est√° utilizando un servicio de contramedidas de Netcraft, con sede en el Reino Unido, que lleva cuatro a√±os prestando un servicio similar al Centro Nacional de Ciberseguridad del Reino Unido.Seg√∫n un informe de IT News, entre los sitios que ya se han retirado figuran ""sitios de phishing que se hacen pasar por empresas y autoridades gubernamentales australianas"", junto con ""estafas de cachorros, estafas de zapatos, estafas de inversiones en criptomonedas y estafas de soporte t√©cnico"".Ken Gamble, presidente ejecutivo de la empresa de inteligencia privada IFW Global, elogi√≥ el desarrollo. Le dijo a Cointelegraph que esta es ""la mejor noticia que ha escuchado"", ya que hab√≠a ""visto el da√±o que estos sitios hechos por sofisticados estafadores han hecho utilizando t√©cnicas de marketing digital de √∫ltima generaci√≥n:""Gamble dijo que los organismos gubernamentales australianos tambi√©n deben estar abiertos a colaborar con el sector privado para ver el √©xito real.""Necesitamos que las fuerzas de seguridad se involucren y colaboren con diferentes pa√≠ses [...] muchos de estos grandes criptoexchanges no ayudan en las investigaciones de fraude, haciendo que nuestras investigaciones sean mucho m√°s dif√≠ciles de lo necesario"".Gamble dijo que las personas que investigan sobre criptomonedas a menudo son objeto de anuncios en Facebook que les ""atraen"" con ""v√≠deos profesionales al estilo de Hollywood"", convenci√©ndoles de lo f√°cil que es ganar dinero:Dijo que los criptoinversores deben hacer su propia diligencia debida, ya que muchos sitios web clonan empresas m√°s grandes para estafar personas ingenuas. Dijo que los potenciales inversores, como m√≠nimo, deber√≠an ""hacer comprobaciones para asegurarse de que la plataforma est√° regulada, con todos los n√∫meros de licencia financiera correctos"".Un representante de Cyber Trace, un equipo de investigadores privados especializados en fraudes con criptomonedas, le dijo a Cointelegraph que el ""romance baiting"" es la estafa m√°s com√∫n con criptomonedas.Esto implica que las v√≠ctimas hablan con un inter√©s rom√°ntico en l√≠nea que les ayuda a inscribirse en un importante criptoexchange despu√©s de decirle a la v√≠ctima que han conseguido ""grandes rendimientos de la inversi√≥n"".El estafador entonces le pedir√° a la v√≠ctima que env√≠e ""una peque√±a cantidad de hasta USD 200"" a su plataforma, donde ""jugar√° con los n√∫meros de su parte para mostrarle a la v√≠ctima que ya ha obtenido beneficios, ofreci√©ndole retirar esta cantidad para ganarse su confianza"".Una vez que la v√≠ctima ve lo f√°cil que es ganar beneficios y retirar sus fondos, comienza a invertir ""m√°s y m√°s... y no saca m√°s despu√©s de ese momento"".Aclaraci√≥n: La informaci√≥n y/u opiniones emitidas en este art√≠culo no representan necesariamente los puntos de vista o la l√≠nea editorial de Cointelegraph. La informaci√≥n aqu√≠ expuesta no debe ser tomada como consejo financiero o recomendaci√≥n de inversi√≥n. Toda inversi√≥n y movimiento comercial implican riesgos y es responsabilidad de cada persona hacer su debida investigaci√≥n antes de tomar una decisi√≥n de inversi√≥nSigue leyendo:Las inversiones en criptoactivos no est√°n reguladas. Es posible que no sean apropiados para inversores minoristas y que se pierda el monto total invertido. Los servicios o productos ofrecidos no est√°n dirigidos ni son accesibles a inversores en Espa√±a.",21/07/2022
11,https://es.cointelegraph.com/news/crypto-use-an-aggravating-factor-for-sentencing-aussie-court-study," Los delincuentes que utilizan criptomonedas para actividades ilegales en Australia tienen m√°s probabilidades de recibir una sentencia m√°s dura. Los delincuentes que utilizan criptomonedas¬†para cometer delitos tienen m√°s probabilidades de recibir una sentencia m√°s dura en los tribunales australianos, seg√∫n un nuevo estudio.¬†El estudio, titulado ""Crime and Cryptocurrency in Australian Courts"" (Crimen y las criptomonedas en los tribunales australianos), publicado¬†el lunes en la Monash University Law Review, descubri√≥ que el uso de criptomonedas en la actividad delictiva se consideraba un indicio de un mayor ""grado de planificaci√≥n"" y sofisticaci√≥n, lo que llevaba al tribunal a ""considerar la disuasi√≥n general por encima de otros fines de condena"".El estudio analiz√≥ 103 casos presentados en los tribunales australianos entre 2009 y 2020, y se enfoc√≥ en 59 casos criminales y sus procedimientos de sentencia.Los autores del estudio, Aaron Lane y Lisanne Adam, descubrieron que los tribunales australianos en general perciben el uso de criptomonedas como indicativo de ""sofisticaci√≥n t√©cnica"" y ""ofuscaci√≥n intencionada"".Sin embargo, la pareja argument√≥ que los tribunales australianos pueden estar ""demasiado ansiosos por adoptar una caracterizaci√≥n relativamente simplista"" del uso de criptomonedas en la actividad criminal, argumentando que no todo el uso de criptomonedas puede significar el mismo nivel de sofisticaci√≥n:Los tribunales deben ser capaces de diferenciar entre los diferentes tipos de transacciones de criptomonedas utilizadas por los autores, especialmente a medida que la adopci√≥n generalizada de activos digitales sigue creciendo.Los perpetradores que utilizaron criptoexchanges centralizados -donde los requisitos de Conozca a su Cliente (KYC) significan que la identificaci√≥n puede obtenerse f√°cilmente- no pueden ser tratados de manera similar a los delincuentes que intencionalmente utilizan monederos an√≥nimos no custodiados o servicios de mezcla para ocultar los datos de las transacciones.Las criptomonedas y los activos digitales desde hace tiempo tienen la reputaci√≥n de estar vinculados a actividades ilegales, probablemente debido a la asociaci√≥n inicial de bitcoin con el infame mercado negro de la darknet Silk Road.Aunque esta asociaci√≥n negativa todav√≠a se cierne sobre el sector de los activos digitales, la cantidad de criptomonedas utilizadas para actividades il√≠citas nunca ha sido tan baja, seg√∫n un informe reciente de CipherTrace.El informe estim√≥ que la actividad il√≠cita se situaba entre el 0.62% y el 0.65% de la actividad global de criptomonedas en 2020 y desde entonces descendi√≥ a entre el 0.10% y el 0.15% de la actividad global a lo largo de 2021.Aclaraci√≥n: La informaci√≥n y/u opiniones emitidas en este art√≠culo no representan necesariamente los puntos de vista o la l√≠nea editorial de Cointelegraph. La informaci√≥n aqu√≠ expuesta no debe ser tomada como consejo financiero o recomendaci√≥n de inversi√≥n. Toda inversi√≥n y movimiento comercial implican riesgos y es responsabilidad de cada persona hacer su debida investigaci√≥n antes de tomar una decisi√≥n de inversi√≥nSigue leyendo:Las inversiones en criptoactivos no est√°n reguladas. Es posible que no sean apropiados para inversores minoristas y que se pierda el monto total invertido. Los servicios o productos ofrecidos no est√°n dirigidos ni son accesibles a inversores en Espa√±a.",21/07/2022
12,https://es.cointelegraph.com/news/experts-reveal-what-tesla-s-936m-sell-off-means-for-bitcoin," Los expertos en criptomonedas le han restado importancia a la noticia de que Tesla vendi√≥ el 75% de sus holdings de bitcoin en el segundo trimestre del a√±o, se√±alando que es el procedimiento operativo est√°ndar para las empresas durante las desaceleraciones econ√≥micas. Los expertos de la industria de las criptomonedas est√°n imperturbables por la decisi√≥n de Tesla de vender el 75% de sus activos de bitcoin (BTC); dicen que es una estrategia bastante t√≠pica de las empresas para mejorar el flujo de caja durante las desaceleraciones econ√≥micas.El mi√©rcoles, el fabricante de veh√≠culos el√©ctricos revel√≥ que hab√≠a vendido el 75% de sus holdings de¬†bitcoin en el segundo trimestre del a√±o, a√±adiendo USD 936 millones en fiat a su balance.Durante una conferencia telef√≥nica, el CEO de Tesla, Elon Musk, se√±al√≥ que la venta ""no debe tomarse como un veredicto sobre bitcoin"", explicando que el movimiento se debi√≥ a las preocupaciones de liquidez dados los continuos cierres por COVID-19 en China.A√±adi√≥: ""La raz√≥n por la que vendimos un mont√≥n de nuestros holdings de bitcoin fue que no est√°bamos seguros de cu√°ndo se aliviar√≠an los cierres por Covid en China. As√≠ que era importante para nosotros maximizar nuestra posici√≥n de efectivo:""Cuando los inversores le preguntaron durante la llamada de ganancias si ve√≠a a bitcoin como un activo a largo plazo, Musk dijo que la criptomoneda era un ""espect√°culo secundario"" del objetivo principal de Tesla, que es ""acelerar la llegada de la energ√≠a estable.""""Las criptomonedas no son algo en lo que pensemos mucho"", dijo.Markus Thielen, director de inversiones de la gestora de activos digitales IDEG, con sede en Singapur, le dijo a Cointelegraph que es probable que Tesla haya vendido su bitcoin al ser ""visto como una distracci√≥n de su negocio principal:""La experta en negociaci√≥n de acciones del sitio de comparaci√≥n Finder, Kylie Purcell, explic√≥ que el fabricante de coches el√©ctricos no ha sido el √∫nico que ha decidido ""apuntalar su capital en divisas en efectivo"".""Dado que el mundo est√° adentr√°ndose en una desaceleraci√≥n econ√≥mica y posiblemente en una recesi√≥n, no es inusual que los inversores y las empresas alejen su capital de los activos m√°s vol√°tiles en pos de dinero fiduciario"", se√±al√≥.Tambi√©n a√±adi√≥ que, aunque el precio de bitcoin cay√≥ tras el anuncio, ya hay signos de recuperaci√≥n.El mi√©rcoles, el precio de bitcoin cay√≥ aproximadamente un 2.6% tras el anuncio de Tesla y ha vuelto a los USD 23,299 en el momento de escribir este art√≠culo, siguiendo cerca de su m√°ximo de un mes, lo que significa que la comunidad de criptomonedas puede no haber estado demasiado preocupada por el anuncio.So Tesla has already sold off their inventory, appears to have mainly done so to maintain positive cash flow (non bitcoin-centric reasons), and still has 25% of their BTC.Maybe I‚Äôm coping but seems like a nothingburger.La reacci√≥n apagada a la venta jug√≥ de manera diferente al anuncio en febrero del a√±o pasado de que Telsa hab√≠a a√±adido USD 1,500 millones en BTC a su balance y estaba planeando aceptar bitcoin como pago para ciertos productos (aunque esto fue desechado m√°s tarde).La noticia en ese momento hizo que el precio de bitcoin se disparara inmediatamente casi USD 3,000, llevando a la criptomoneda a un¬†nuevo m√°ximo hist√≥rico¬†por encima de los USD 43,000.El jefe de asociaciones estrat√©gicas de Swyftx, Tommy Honan, le dijo a Cointelegraph que la decisi√≥n de Tesla de comprar bitcoin el a√±o pasado fue ""un momento tan importante como se puede imaginar para los activos digitales:""Honan a√±adi√≥: ""Musk dijo que la venta no era un veredicto sobre bitcoin, sino una jugada en efectivo, y parece que el mercado le ha tomado la palabra. El precio de bitcoin se ha estabilizado en las √∫ltimas 24 horas y nos sorprender√≠a que otros grandes inversores siguieran su ejemplo, especialmente teniendo en cuenta el precio actual de bitcoin.""Aclaraci√≥n: La informaci√≥n y/u opiniones emitidas en este art√≠culo no representan necesariamente los puntos de vista o la l√≠nea editorial de Cointelegraph. La informaci√≥n aqu√≠ expuesta no debe ser tomada como consejo financiero o recomendaci√≥n de inversi√≥n. Toda inversi√≥n y movimiento comercial implican riesgos y es responsabilidad de cada persona hacer su debida investigaci√≥n antes de tomar una decisi√≥n de inversi√≥n.Sigue leyendo:Las inversiones en criptoactivos no est√°n reguladas. Es posible que no sean apropiados para inversores minoristas y que se pierda el monto total invertido. Los servicios o productos ofrecidos no est√°n dirigidos ni son accesibles a inversores en Espa√±a.",21/07/2022
13,https://es.cointelegraph.com/news/79-of-companies-only-invest-in-cybersecurity-after-hacking," Muchos de los ataques son de ransomware Una encuesta realizada por la firma de ciberseguridad Tanium revela que 3/4 de las empresas invierten en ciberseguridad despu√©s de ser atacadas y:63% de los l√≠deres est√°n preocupados por la ciberseguridad despu√©s de un incidenteEl 79% de los l√≠deres aprueban un presupuesto de ciberseguridad despu√©s de una violaci√≥n de datosEl 55% no cuenta con suficientes empleados para adoptar medidas preventivas de seguridad.Tambi√©n, seg√∫n el estudio, el 92% de las empresas han sufrido un ataque o brecha de datos, con un 73% s√≥lo en el √∫ltimo a√±o. Muchos de estos ataques son robos de informaci√≥n que requieren el pago en Bitcoin para recuperar los datos. Esta encuesta confirm√≥ que la actividad cibern√©tica maliciosa sigue siendo com√∫n. El panorama est√° empeorando para los defensores, dice el estudio: m√°s de dos tercios (69%) admitieron que las amenazas est√°n aumentando y esperan que en 2022 se registre la mayor cantidad de ataques de la historia.Por el contrario, las organizaciones que adoptan un enfoque preventivo de la ciberseguridad tienen muchas menos probabilidades de haber experimentado un ataque o una infracci√≥n en los √∫ltimos 24 meses (79%) que aquellas que son m√°s reactivas (90%).En Brasil, el escenario es el mismo, y el aumento de las amenazas se ha registrado en los √∫ltimos a√±os, causando p√©rdidas a las corporaciones.El mundo sufri√≥ 623.3 millones de ataques en 2021, revela el informe SonicWall Cyber ‚Äã‚ÄãThrea. Casi todas las amenazas monitoreadas, ciberataques y ataques digitales maliciosos aumentaron en 2021. Los ataques incluyen ransomware, criptoamenazas, malware IoT y cryptojacking.Esta realidad tambi√©n se refleja en el resto de Am√©rica Latina.‚ÄúLa digitalizaci√≥n acelerada de la econom√≠a de nuestra regi√≥n tambi√©n ha aumentado la superficie de ataque‚Äù, se√±ala Arley Brogiato, Director de SonicWall Latinoam√©rica. El Informe de amenazas cibern√©ticas de SonicWall 2021 revela que Brasil, con m√°s de 33 millones de intentos de intrusi√≥n, es el cuarto pa√≠s que sufre m√°s ataques de ransomware. ‚ÄúS√≥lo estamos detr√°s de EE. UU., Alemania y el Reino Unido‚Äù.En 2020, Brasil ocup√≥ el noveno lugar en este ranking, con 3,800,000 ataques de ransomware. ‚ÄúEl salto a la cuarta posici√≥n a lo largo de 2021 revela el alt√≠simo grado de vulnerabilidad de nuestro pa√≠s ante este tipo de intentos de invasi√≥n‚Äù. Este ranking incluye otros pa√≠ses latinoamericanos. ‚ÄúCon m√°s de once millones de visitas, Colombia ocupa el s√©ptimo lugar; M√©xico, blanco de siete millones de ataques de ransomware, ocup√≥ el d√©cimo lugar‚Äù.Aclaraci√≥n: La informaci√≥n y/u opiniones emitidas en este art√≠culo no representan necesariamente los puntos de vista o la l√≠nea editorial de Cointelegraph. La informaci√≥n aqu√≠ expuesta no debe ser tomada como consejo financiero o recomendaci√≥n de inversi√≥n. Toda inversi√≥n y movimiento comercial implican riesgos y es responsabilidad de cada persona hacer su debida investigaci√≥n antes de tomar una decisi√≥n de inversi√≥n.Te puede interesar:Las inversiones en criptoactivos no est√°n reguladas. Es posible que no sean apropiados para inversores minoristas y que se pierda el monto total invertido. Los servicios o productos ofrecidos no est√°n dirigidos ni son accesibles a inversores en Espa√±a.",20/07/2022
14,https://es.cointelegraph.com/news/sbf-crypto-winter-winding-down-ftx-to-turn-a-profit-as-it-serves-as-lender-of-last-resort," El multimillonario CEO del exchange FTX, Sam Bankman-Fried, ve un mercado de criptomonedas estable y una gama de productos FTX m√°s amplia a la espera de la regulaci√≥n y la recuperaci√≥n de la econom√≠a mundial. La crisis econ√≥mica de las criptomonedas est√° disminuyendo, piensa el cofundador y CEO de FTX, Sam Bankman-Fried. En una entrevista en Axios Pro el jueves, se√±al√≥ que no est√° recibiendo ""una tonelada de llamadas"" de empresas en dificultades, como en las primeras semanas del llamado criptoinvierno. Dado un macroentorno econ√≥mico positivo, la recuperaci√≥n podr√≠a ser ""notablemente r√°pida"", dijo.FTX est√° ""dispuesto a perder un poco"" en su papel de prestamista de √∫ltima instancia, dijo Bankman-Fried. Se√±al√≥ que USD 70 millones¬†del pr√©stamo por valor de unos USD 500 millones que Alameda Research de Bankman-Fried hizo a Voyager Digital eran menores que los activos de los clientes y podr√≠an perderse.No obstante, Bankman-Fried dijo que espera que FTX obtenga ganancias¬†en cada trimestre de este a√±o. Las ganancias¬†de FTX est√°n ""funcionando m√°s o menos en l√≠nea con el a√±o pasado"", y la empresa ha ganado cuota de mercado en los √∫ltimos meses. FTX rechaz√≥ la idea de a√±adir Bitcoin (BTC) a su tesorer√≠a, dijo tambi√©n Bankman-Fried, pero lo habr√≠a considerado en el rango de USD 15,000.La b√∫squeda de FTX US para ampliar su conjunto de productos financieros en Estados Unidos ha avanzado en el √∫ltimo a√±o, y hay ""decenas de miles"" de personas en la lista de espera, dijo Bankman-Fried. FTX est√° buscando una empresa de compensaci√≥n de valores, que se sume a su adquisici√≥n de Embed Financial Technologies el mes pasado y a su inversi√≥n estrat√©gica en la bolsa nacional estadounidense,¬†Investors Exchange (IEX).Bankman-Fried se refiri√≥ repetidamente a la influencia de la econom√≠a en general en el mercado de las criptomonedas. Adem√°s, hizo hincapi√© en la necesidad de una mayor claridad normativa para crear una estructura de mercado y hacer que los consumidores e¬†instituciones se sientan c√≥modos trabajando en el espacio de las criptomonedas.Se mostr√≥ optimista respecto a la propuesta de regulaci√≥n de las criptomonedas en EE.UU., diciendo:La regulaci√≥n de las criptomonedas ""puede parecerse"" a la de las finanzas tradicionales, dijo Bankman-Fried, con ""los mismos principios a alto nivel"", aunque los detalles de la regulaci√≥n de las criptomonedas sean diferentes.Aclaraci√≥n: La informaci√≥n y/u opiniones emitidas en este art√≠culo no representan necesariamente los puntos de vista o la l√≠nea editorial de Cointelegraph. La informaci√≥n aqu√≠ expuesta no debe ser tomada como consejo financiero o recomendaci√≥n de inversi√≥n. Toda inversi√≥n y movimiento comercial implican riesgos y es responsabilidad de cada persona hacer su debida investigaci√≥n antes de tomar una decisi√≥n de inversi√≥n.Sigue leyendo:Las inversiones en criptoactivos no est√°n reguladas. Es posible que no sean apropiados para inversores minoristas y que se pierda el monto total invertido. Los servicios o productos ofrecidos no est√°n dirigidos ni son accesibles a inversores en Espa√±a.",21/07/2022
15,https://es.cointelegraph.com/news/hardware-wallet-industry-to-outstrip-crypto-exchanges-report," Se estima que los ingresos globales de exchanges de criptomonedas crecer√°n a una CAGR del 13% para 2028, mientras que se espera que el mercado de billeteras de hardware muestre una CAGR del 27% para 2027. El sector de los billeteras de hardware de criptomonedas podr√≠a estar creciendo a un ritmo m√°s r√°pido que los exchanges de criptomonedas, seg√∫n sugieren los datos de varios estudios.El actual mercado bajista ha acelerado el desarrollo de la industria de las billeteras fr√≠as, mientras que muchos exchanges de criptomonedas centralizadas estaban luchando por mantener sus operaciones.¬†Seg√∫n un informe de la firma de inteligencia de negocios Vantage Market Research, los ingresos de las plataformas globales de trading de criptomonedas ascendieron a USD 330 millones en 2021.Publicado el 21 de julio, el informe sugiere que los ingresos del mercado global de exchanges de criptomonedas alcanzar√≠an un valor de USD 675 millones en 2028 con una tasa de crecimiento anual compuesta (CAGR) del 12.7%.¬†Eso es al menos la mitad de la CAGR relacionada con el crecimiento de la industria de billeteras de hardware, sugieren otros informes.De acuerdo con los informes, el mercado mundial de billeteras de hardware alcanz√≥ un valor de USD 252 millones en 2021 y se espera que alcance un valor de USD 1,100 millones para 202, o que exhiba una CAGR del 27.2%.El concepto de billeteras de hardware o fr√≠as se ha vuelto cada vez m√°s popular en los √∫ltimos a√±os en medio de los principales exchanges de criptomonedas centralizadas que limitan el acceso a los fondos de algunos usuarios por diversos tipos de problemas. Las billeteras de hardware se hicieron a√∫n m√°s populares durante el actual invierno de las criptomonedas, que oblig√≥ a algunas plataformas y exchanges de criptomonedas a detener los retiros.It is crucial to understand that being your own bank is the most secure way to keep your bitcoin safe.Especially when entering a space where centralized exchanges still have the authority to suspend crypto withdrawals and the risk of a hack is always looming.Es crucial entender que ser tu propio banco es la forma m√°s segura de mantener tu bitcoin a salvo.Especialmente cuando se entra en un espacio en el que los exchanges centralizados todav√≠a tienen la autoridad para suspender los retiros de criptomonedas y el riesgo de un hack siempre est√° en ciernes.Este es otro importante caso de uso de las billeteras fr√≠as frente a los exchanges de criptomonedas y las plataformas de pr√©stamo, donde el usuario no controla realmente las claves privadas y, por tanto, no controla los fondos. A diferencia de los exchanges de criptomonedas centralizadas, los criptobilleteras de hardware no son vulnerables a la manipulaci√≥n externa, ya que los activos de las billeteras fr√≠as no pueden ser congelados. Sin embargo, estos monederos siguen siendo propensos a otros riesgos como el robo, la destrucci√≥n o la p√©rdida.Seg√∫n algunos expertos de la industria, depender solo de las billetaras de hardware o √∫nicamente de los exchanges no es la mejor soluci√≥n para los holders de criptomonedas.""Parece que los proveedores de billeteras de hardware se est√°n beneficiando de esta debacle y espero que m√°s gente acabe aprendiendo las muchas formas de autocustodiarse. Creo que es una lecci√≥n razonable para aprender de todo esto"", dijo Mati, CEO de Quantum Economics, a Cointelegraph.Greenspan se√±al√≥ que almacenar todo el dinero en un exchanges es ciertamente un riesgo, pero la historia reciente tiene un mont√≥n de historias de personas que trataron de auto-custodiar y perdieron sus fondos tambi√©n. Y a√±adi√≥:Itai Avneri, director de operaciones y CEO adjunto de la plataforma de activos digitales INX, cree que el sector de las billeteras de criptomonedas por hardware seguir√° creciendo, ""especialmente cuando los exchanges m√°s centralizados y de confianza fallen a la hora de salvaguardar los fondos de los clientes debido a los hackeos, o al mal uso"". Se√±al√≥ que las empresas innovadoras est√°n trabajando en soluciones de autocustodia que eliminan el riesgo de que un cliente pierda u olvide sus claves privadas.""Esto har√° que el proceso de custodia de sus claves sea m√°s amigable y reducir√° una barrera importante para permitir que el mercado masivo minorista se una a la criptoeconom√≠a. Lo ideal ser√≠a que fuera tan f√°cil como crear un correo electr√≥nico"", a√±adi√≥ Avneri.Aclaraci√≥n: La informaci√≥n y/u opiniones emitidas en este art√≠culo no representan necesariamente los puntos de vista o la l√≠nea editorial de Cointelegraph. La informaci√≥n aqu√≠ expuesta no debe ser tomada como consejo financiero o recomendaci√≥n de inversi√≥n. Toda inversi√≥n y movimiento comercial implican riesgos y es responsabilidad de cada persona hacer su debida investigaci√≥n antes de tomar una decisi√≥n de inversi√≥nSigue leyendo:Las inversiones en criptoactivos no est√°n reguladas. Es posible que no sean apropiados para inversores minoristas y que se pierda el monto total invertido. Los servicios o productos ofrecidos no est√°n dirigidos ni son accesibles a inversores en Espa√±a.",21/07/2022
16,https://es.cointelegraph.com/news/turkish-crypto-exchange-joins-copa-to-fight-against-patent-trolls," √ñzg√ºr G√ºneri, CEO de BtcTurk, dijo que la empresa se uni√≥ a COPA para proteger las tecnolog√≠as de las criptomonedas, especialmente Bitcoin. El importante exchange de criptomonedas turco, BtcTurk, se ha unido a la alianza de patentes de criptomonedas (COPA) para formar equipo con destacadas empresas en su misi√≥n de proporcionar acceso abierto a las patentes y potenciar la adopci√≥n de las tecnolog√≠as de criptomonedas.¬†La COPA pretende abolir las patentes, ya que se perciben como un obst√°culo para las innovaciones dentro del sector. La organizaci√≥n sin √°nimo de lucro est√° a favor de un enfoque m√°s comunitario en lo que respecta a la propiedad intelectual. Entre sus miembros se encuentran destacadas empresas de criptomonedas como Coinbase, Block y Aquarius.Aparte de las empresas de criptomonedas, firmas como MicroStrategy y Meta tambi√©n se han unido a COPA. Las firmas se comprometieron a mantener las patentes p√∫blicas de la tecnolog√≠a de criptomonedas y blockchain para que sean accesibles al p√∫blico.Seg√∫n √ñzg√ºr G√ºneri, CEO de BtcTurk, como forma de mejorar el ecosistema de las criptomonedas, la empresa decidi√≥ unirse a COPA y donar algunos fondos a la organizaci√≥n sin √°nimo de lucro para ayudar a su trabajo. G√ºneri explic√≥ que la organizaci√≥n sin √°nimo de lucro juega un papel importante en la protecci√≥n de las tecnolog√≠as dentro de las criptomonedas, especialmente con Bitcoin (BTC).Adem√°s, el CEO del exchange tambi√©n se√±al√≥ que BtcTurk cooperar√° con COPA en otros aspectos de sus iniciativas. Esto incluye la participaci√≥n en sus procesos judiciales y estar abierto a las peticiones de la organizaci√≥n sin √°nimo de lucro.Ay√ßa Aktolga √ñzt√ºrk, la principal asesora jur√≠dica de BtcTurk, tambi√©n coment√≥ el tema, diciendo que el exchange apoyar√° a COPA en la lucha contra los ""trolls de patentes"", o aquellos que utilizan las leyes de patentes de marcas maliciosamente y la protecci√≥n legislativa como palanca. El ejecutivo expres√≥ su entusiasmo por trabajar con COPA y apoyar el ecosistema en su conjunto.En 2020, Block, Inc. lanz√≥ COPA para agrupar las patentes de blockchain y criptomonedas en una biblioteca para garantizar el acceso abierto a las tecnolog√≠as desarrolladas por sus empresas miembros. La alianza reconoci√≥ que la adopci√≥n de las criptomonedas est√° en sus primeras etapas y que su √©xito depende de los esfuerzos de la comunidad para desarrollar sobre las tecnolog√≠as existentes.Aclaraci√≥n: La informaci√≥n y/u opiniones emitidas en este art√≠culo no representan necesariamente los puntos de vista o la l√≠nea editorial de Cointelegraph. La informaci√≥n aqu√≠ expuesta no debe ser tomada como consejo financiero o recomendaci√≥n de inversi√≥n. Toda inversi√≥n y movimiento comercial implican riesgos y es responsabilidad de cada persona hacer su debida investigaci√≥n antes de tomar una decisi√≥n de inversi√≥nSigue leyendo:Las inversiones en criptoactivos no est√°n reguladas. Es posible que no sean apropiados para inversores minoristas y que se pierda el monto total invertido. Los servicios o productos ofrecidos no est√°n dirigidos ni son accesibles a inversores en Espa√±a.",21/07/2022
17,https://es.cointelegraph.com/news/with-the-rise-in-the-value-of-the-dollar-the-price-of-a-bitcoin-in-argentina-exceeds-eight-million-pesos," As√≠ se desprende de informaci√≥n brindada por el sitio web comparativo Coinmonitor.info En los √∫ltimos d√≠as, la cotizaci√≥n del d√≥lar en el mercado paralelo en Argentina ha visto una suba constante. Aparentemente, esto ha influido tambi√©n en el precio de bitcoin en ese pa√≠s, que en algunas empresas que permiten comprar y vender cripotomonedas, ya super√≥ los ocho millones de pesos argentinos.¬†Al momento de escribir este art√≠culo, considerando los datos del¬† sitio comparativo Coinmonitor.info, el precio de Bitcoin (para la compra) estaba en Bitmonedero a $ 8,640,916.47. Mientras tanto, el precio en Let¬¥sBit era de $ 8,532,663.87 y en SatoshiTango el precio era de 8,109,657.23Por otra parte, la cotizaci√≥n en Cajeros Athena mostraba una cotizaci√≥n del precio de bitcoin en $ 7,722,932.61.Imagen: Coinmonitor.info¬†La mediana promedio del precio del Bitcoin se situ√≥ en 7,710,631.97 pesos argentinos. Esta cifra surge del promedio de la mediana venta y la mediana compra del Top en pesos argentinos que se puede visualizar en Coinmonitor.Cabe tener en cuenta que en Argentina, adem√°s de la crisis mundial por el Covid-19, sus habitantes viven desde hace d√©cadas, la depreciaci√≥n constante del peso argentino y sucesivas crisis econ√≥micas que se han presentado a lo largo del tiempo. Eso, sumado a la gran emisi√≥n monetaria, una alta inflaci√≥n y muchas restricciones para comprar moneda extranjera, pueden ser factores que influyen para que los ciudadanos busquen una alternativa a la moneda fiat mirando hacia las criptomonedas.üö®üá¶üá∑D√≥lar a $340: el billete argentino de $1.000, el de mayor denominaci√≥n, ya vale menos de 3 d√≥laresüá¶üá∑ $1.000 = üá∫üá≤US$2,94Aclaraci√≥n: La informaci√≥n y/u opiniones emitidas en este art√≠culo no representan necesariamente los puntos de vista o la l√≠nea editorial de Cointelegraph. La informaci√≥n aqu√≠ expuesta no debe ser tomada como consejo financiero o recomendaci√≥n de inversi√≥n. Toda inversi√≥n y movimiento comercial implican riesgos y es responsabilidad de cada persona hacer su debida investigaci√≥n antes de tomar una decisi√≥n de inversi√≥n.Te puede interesar:Tras la renuncia del ministro de Econom√≠a, los precios de stablecoins aumentaron en ArgentinaRenunci√≥ el ministro de Econom√≠a de ArgentinaPlataforma de metaverso anuncia alianza con Infinity, el equipo de esportsEspa√±a: Desde el exchange 2gether se convoca a junta de socios para solicitar concurso de acreedoresEl Web 3.0 Congress en Espa√±a dej√≥ buenas sensaciones de cara al futuroGameStop lanza la beta p√∫blica de su mercado de NFTEn Espa√±a, s√≥lo el 15% de los inversores cripto declar√≥ gananciasLas inversiones en criptoactivos no est√°n reguladas. Es posible que no sean apropiados para inversores minoristas y que se pierda el monto total invertido. Los servicios o productos ofrecidos no est√°n dirigidos ni son accesibles a inversores en Espa√±a.",21/07/2022
18,https://es.cointelegraph.com/news/bit2me-acquires-peruvian-exchange," En medio del mercado bajista de criptomonedas, el intercambio Bit2Me compra una empresa peruana La empresa Bit2Me anunci√≥ que adquiri√≥ la empresa Fluyez, una empresa peruana de compra y venta de criptomonedas que cuenta con el aval de la Asociaci√≥n Fintech del Per√∫ y, luego de estar presente en el mercado nacional, dio el salto a otros pa√≠ses latinoamericanos, como M√©xico.Como inform√≥ la compa√±√≠a a Cointelegraph, la operaci√≥n de adquisici√≥n por parte de Bit2Me se enmarca dentro de la estrategia de crecimiento mediante adquisiciones que desarrollar√° la bolsa espa√±ola en los pr√≥ximos meses. Esto refuerza el compromiso de Bit2Me con el ecosistema criptogr√°fico y con el mercado latinoamericano, regi√≥n en la que Bit2Me ya est√° presente a trav√©s de sus oficinas en Brasil.Fluyez seguir√° operando de forma independiente bajo el liderazgo de su equipo directivo, ya que la bolsa espa√±ola se centrar√° en asesorar y fomentar la expansi√≥n de la fintech peruana, aportando a la startup todos los recursos y la experiencia que Bit2Me ha acumulado desde su creaci√≥n en 2015. .Leif Ferreira, CEO de Bit2Me, considera que el equipo, el modelo de negocio y el plan de crecimiento de Fluyez est√°n muy en l√≠nea con los de Bit2Me.‚ÄúQueremos que Fluyez siga operando de forma aut√≥noma, pero con todas las capacidades que permite una colaboraci√≥n de este tipo. Esta adquisici√≥n muestra la fortaleza y el compromiso de Bit2me con el ecosistema criptogr√°fico. Esperamos que en los pr√≥ximos meses se puedan cerrar nuevas oportunidades con otras empresas del sector‚Äù, dice Ferreira.Por su parte, Luis Eduardo Berrospi, CEO y cofundador de Fluyez, est√° muy orgulloso de esta alianza porque la casa de cambio ahora es parte del grupo Bit2Me.‚ÄúCon toda la experiencia que tiene el equipo de Bit2Me en el sector de las criptomonedas, impulsaremos esta industria a nivel local de una manera m√°s segura, legal, transparente y respaldada. Estoy seguro de que todo esto llevar√° a Fluyez al siguiente nivel‚Äù, agrega.La startup peruana Fluyez inici√≥ operaciones en marzo de 2021 y trabaja con m√°s de 60 criptomonedas, ofrece a sus usuarios servicios de intercambio y custodia de criptomonedas en general.Aclaraci√≥n: La informaci√≥n y/u opiniones emitidas en este art√≠culo no representan necesariamente los puntos de vista o la l√≠nea editorial de Cointelegraph. La informaci√≥n aqu√≠ expuesta no debe ser tomada como consejo financiero o recomendaci√≥n de inversi√≥n. Toda inversi√≥n y movimiento comercial implican riesgos y es responsabilidad de cada persona hacer su debida investigaci√≥n antes de tomar una decisi√≥n de inversi√≥n.Te puede interesar:Las inversiones en criptoactivos no est√°n reguladas. Es posible que no sean apropiados para inversores minoristas y que se pierda el monto total invertido. Los servicios o productos ofrecidos no est√°n dirigidos ni son accesibles a inversores en Espa√±a.",21/07/2022
19,https://es.cointelegraph.com/news/packed-your-bitcoin-a-btc-holiday-in-costa-rica-goes-fiat-free," Un bitcoiner en Costa Rica tuvo una experiencia ""ganadora"" cuando se fue de vacaciones y solo gast√≥ Satoshis (Bitcoin) mientras viajaba por la costa del Pac√≠fico. ¬øPasaporte, gafas de sol, toalla de playa y Bitcoin (BTC)? Un entusiasta del BTC de vacaciones demostr√≥ que la mayor criptomoneda del mundo podr√≠a convertirse pronto en un imprescindible de las vacaciones. Eugenio, un costarricense maximalista del Bitcoin, pag√≥ sus vacaciones solo con Bitcoin en su billetera durante un largo fin de semana en la costa del Pac√≠fico de Costa Rica.Las ciudades de Uvita, Dominical y Ojochal, un centro de adopci√≥n de Bitcoin y de avistamiento de ballenas en la vida real, son el hogar de Bitcoin Jungle, un proyecto inspirado en la playa de Bitcoin, as√≠ como de una incipiente comunidad de comerciantes amigos de Bitcoin. Eugenio document√≥ en Twitter todas sus vacaciones con Bitcoin en el destino. Dijo a Cointelegraph: ""El √∫nico fiat que tuve que usar fue llenar el tanque [del coche] antes de partir"".I just had a 100% #Bitcoin vacation in Uvita, Dominical and Ojochal #CostaRica thanks to the work of @BitcoinJungleCR creating a circular economy and supporting many merchants and business. Zero fiat was used, no banks involved, no trusted third parties, just real hard money. pic.twitter.com/YrcQfIumfxAcabo de tener unas vacaciones 100% Bitcoin en Uvita, Dominical y Ojochal CostaRica gracias al trabajo de @BitcoinJungleCR creando una econom√≠a circular y apoyando a muchos comerciantes y negocios. Se utiliz√≥ cero fiat, sin bancos de por medio, sin terceros de confianza, solo dinero duro real.Eugenio explic√≥ que quer√≠a apoyar la adopci√≥n y demostrar que cualquiera puede hacer lo mismo, de forma c√≥moda y divertida, ""utilizando Lightning Network sin problemas y sin procesadores de pago ni bancos de por medio:""Eugenio pag√≥ algo m√°s que el helado de su hermana: pag√≥ con Bitcoin pizzas, caf√©s, filetes e incluso un viaje al mercado a por kombucha.Los comerciantes habr√≠an preguntado: ""¬ødesea pagar con Lightning o con on-chain?"". Las transacciones on-chain tardan una media de 10 minutos en confirmarse, son lentas y a veces costosas. Las transacciones con Lightning son casi instant√°neas, casi gratuitas y son un ""beneficio para m√≠ y para los comerciantes"", explic√≥ Eugenio:La Lightning Network se est√° poniendo de moda silenciosamente, y los ejemplos de su adopci√≥n se extienden lentamente como ra√≠ces que llegan a todo el mundo. Desde familias brit√°nicas hasta surfistas senegaleses, el apetito por las transacciones a trav√©s de Lightning hace que cada vez se utilice m√°s Bitcoin en las plataformas de la capa 2.Eugenio comparte algunos consejos para aquellos reacios a usar la LN o el evento para visitar Costa Rica. Como orgulloso tico (costarricense), sugiere: ""No lo pienses demasiado. El lugar es impresionante, seguro, lleno de naturaleza y aventura. Utiliza el mapa de negocios de Bitcoin Jungle para guiarte y un Lightning Wallet"".El lugar est√° adoptando Bitcoin ""org√°nicamente"", y algunos de los locales se han enorgullecido de aceptar Bitcoin, dijo Eugenio a Cointelegraph.Seg√∫n el mapa de arriba, hay un n√∫mero creciente de comerciantes en toda Costa Rica que aceptan Bitcoin ""con una sonrisa"". Con las vacaciones de verano en pleno apogeo, las billeteras de Bitcoin podr√≠an estar en las listas de equipaje de todo el mundo, junto con los pasaportes, las gafas de sol y el protector solar.Aclaraci√≥n: La informaci√≥n y/u opiniones emitidas en este art√≠culo no representan necesariamente los puntos de vista o la l√≠nea editorial de Cointelegraph. La informaci√≥n aqu√≠ expuesta no debe ser tomada como consejo financiero o recomendaci√≥n de inversi√≥n. Toda inversi√≥n y movimiento comercial implican riesgos y es responsabilidad de cada persona hacer su debida investigaci√≥n antes de tomar una decisi√≥n de inversi√≥nLas inversiones en criptoactivos no est√°n reguladas. Es posible que no sean apropiados para inversores minoristas y que se pierda el monto total invertido. Los servicios o productos ofrecidos no est√°n dirigidos ni son accesibles a inversores en Espa√±a.",21/07/2022
